date,buy_and_hold,yield_trend_63d,curve_mean_reversion,vol_scaled_trend,rule_blend,l1_logistic_walkforward
2019-01-02,1.0,1.0,-1.0,1.2244688216249442,0.19999999999999996,1.0
2019-01-03,1.0,1.0,-1.0,1.2203562114874593,0.19999999999999996,1.0
2019-01-04,1.0,1.0,-1.0,1.1587595336974073,0.19999999999999996,1.0
2019-01-07,1.0,1.0,-1.0,1.0880157921790474,0.19999999999999996,1.0
2019-01-08,1.0,1.0,-1.0,1.086882262275062,0.19999999999999996,1.0
2019-01-09,1.0,1.0,-1.0,1.1428926020913264,0.19999999999999996,1.0
2019-01-10,1.0,1.0,-1.0,1.1545310766520747,0.19999999999999996,1.0
2019-01-11,1.0,1.0,-1.0,1.1683553502596167,0.19999999999999996,1.0
2019-01-14,1.0,1.0,-1.0,1.1660106072152938,0.19999999999999996,1.0
2019-01-15,1.0,1.0,-1.0,1.167643994227115,0.19999999999999996,1.0
2019-01-16,1.0,1.0,-1.0,1.2007280840481624,0.19999999999999996,1.0
2019-01-17,1.0,1.0,-1.0,1.2006304442739468,0.19999999999999996,1.0
2019-01-18,1.0,1.0,-1.0,1.1973909270674414,0.19999999999999996,1.0
2019-01-22,1.0,1.0,-1.0,1.1825016867027285,0.19999999999999996,1.0
2019-01-23,1.0,1.0,-1.0,1.1782588172151844,0.19999999999999996,1.0
2019-01-24,1.0,1.0,-1.0,1.1744747749181503,0.19999999999999996,1.0
2019-01-25,1.0,1.0,-1.0,1.1760188870856165,0.19999999999999996,0.0
2019-01-28,1.0,1.0,-1.0,1.1612794670490292,0.19999999999999996,0.0
2019-01-29,1.0,1.0,-1.0,1.164636387666773,0.19999999999999996,0.0
2019-01-30,1.0,1.0,-1.0,1.1874618040134393,0.19999999999999996,1.0
2019-01-31,1.0,1.0,-1.0,1.20108971721136,0.19999999999999996,1.0
2019-02-01,1.0,1.0,-1.0,1.191821129475898,0.19999999999999996,1.0
2019-02-04,1.0,1.0,-1.0,1.1518475919397637,0.19999999999999996,1.0
2019-02-05,1.0,1.0,0.0,1.156640311162815,0.6,1.0
2019-02-06,1.0,1.0,0.0,1.1638947601734477,0.6,1.0
2019-02-07,1.0,1.0,0.0,1.1638939179633705,0.6,1.0
2019-02-08,1.0,1.0,0.0,1.2033953792153689,0.6,1.0
2019-02-11,1.0,1.0,0.0,1.203344805629857,0.6,1.0
2019-02-12,1.0,1.0,0.0,1.2029904298996104,0.6,1.0
2019-02-13,1.0,1.0,0.0,1.1925393665974975,0.6,1.0
2019-02-14,1.0,1.0,0.0,1.1874432218736652,0.6,1.0
2019-02-15,1.0,1.0,0.0,1.1868072910500793,0.6,1.0
2019-02-19,1.0,1.0,-1.0,1.1984520514878483,0.19999999999999996,1.0
2019-02-20,1.0,1.0,-1.0,1.1995054952825859,0.19999999999999996,1.0
2019-02-21,1.0,1.0,-1.0,1.1991622471991414,0.19999999999999996,1.0
2019-02-22,1.0,1.0,-1.0,1.1871541390760136,0.19999999999999996,1.0
2019-02-25,1.0,1.0,0.0,1.1804450240251838,0.6,1.0
2019-02-26,1.0,1.0,0.0,1.1758867484653117,0.6,1.0
2019-02-27,1.0,1.0,0.0,1.1723151986620988,0.6,1.0
2019-02-28,1.0,1.0,0.0,1.1513457521299573,0.6,1.0
2019-03-01,1.0,1.0,1.0,1.1420961084133687,1.0,1.0
2019-03-04,1.0,1.0,1.0,1.134614705925225,1.0,1.0
2019-03-05,1.0,1.0,0.0,1.1273004238674613,0.6,1.0
2019-03-06,1.0,1.0,0.0,1.1308085163428816,0.6,1.0
2019-03-07,1.0,1.0,0.0,1.1283324077613375,0.6,1.0
2019-03-08,1.0,1.0,0.0,1.1198442935023254,0.6,1.0
2019-03-11,1.0,1.0,0.0,1.143734513129745,0.6,1.0
2019-03-12,1.0,1.0,0.0,1.1480654856128047,0.6,1.0
2019-03-13,1.0,1.0,0.0,1.1453026085104634,0.6,1.0
2019-03-14,1.0,1.0,0.0,1.1452973421778876,0.6,1.0
2019-03-15,1.0,1.0,0.0,1.1537774874076532,0.6,1.0
2019-03-18,1.0,1.0,0.0,1.1494146555253522,0.6,1.0
2019-03-19,1.0,1.0,-1.0,1.1481094821383058,0.19999999999999996,1.0
2019-03-20,1.0,1.0,-1.0,1.1482081418999102,0.19999999999999996,1.0
2019-03-21,1.0,1.0,-1.0,1.1253757918661107,0.19999999999999996,1.0
2019-03-22,1.0,1.0,-1.0,1.1327127980059295,0.19999999999999996,1.0
2019-03-25,1.0,1.0,-1.0,1.0909111747058562,0.19999999999999996,1.0
2019-03-26,1.0,1.0,0.0,1.0943473756414859,0.6,1.0
2019-03-27,1.0,1.0,0.0,1.0934001443678656,0.6,1.0
2019-03-28,1.0,1.0,0.0,1.1031175835929803,0.6,1.0
2019-03-29,1.0,1.0,0.0,1.137197296362245,0.6,1.0
2019-04-01,1.0,1.0,-1.0,1.139843735056939,0.19999999999999996,1.0
2019-04-02,1.0,1.0,-1.0,1.1076916871304294,0.19999999999999996,1.0
2019-04-03,1.0,1.0,0.0,1.1115149931088373,0.6,1.0
2019-04-04,1.0,1.0,1.0,1.1050012271253762,1.0,1.0
2019-04-05,1.0,1.0,1.0,1.1648244357351958,1.0,1.0
2019-04-08,1.0,1.0,0.0,1.2596107290354153,0.6,1.0
2019-04-09,1.0,1.0,0.0,1.2642497397711765,0.6,1.0
2019-04-10,1.0,1.0,0.0,1.2733370165673927,0.6,1.0
2019-04-11,1.0,1.0,0.0,1.2688970492729383,0.6,1.0
2019-04-12,1.0,1.0,0.0,1.258967411197759,0.6,1.0
2019-04-15,1.0,1.0,0.0,1.2412742910616485,0.6,1.0
2019-04-16,1.0,1.0,-1.0,1.2408526881052706,0.19999999999999996,0.0
2019-04-17,1.0,1.0,0.0,1.2201697059047356,0.6,1.0
2019-04-18,1.0,1.0,1.0,1.2207813361894326,1.0,1.0
2019-04-22,1.0,1.0,1.0,1.2222779635343846,1.0,1.0
2019-04-23,1.0,1.0,1.0,1.2324454641158789,1.0,1.0
2019-04-24,1.0,1.0,1.0,1.2478580144079725,1.0,1.0
2019-04-25,1.0,1.0,1.0,1.240961529507129,1.0,1.0
2019-04-26,1.0,1.0,1.0,1.2505380830471635,1.0,1.0
2019-04-29,1.0,1.0,1.0,1.260219840105951,1.0,1.0
2019-04-30,1.0,1.0,1.0,1.250890676780788,1.0,1.0
2019-05-01,1.0,1.0,1.0,1.250788911315132,1.0,1.0
2019-05-02,1.0,1.0,1.0,1.2517261822421102,1.0,1.0
2019-05-03,1.0,1.0,1.0,1.2825521803568363,1.0,1.0
2019-05-06,1.0,1.0,1.0,1.331054577481748,1.0,1.0
2019-05-07,1.0,1.0,1.0,1.3345086837536675,1.0,1.0
2019-05-08,1.0,1.0,0.0,1.3056953534146143,0.6,1.0
2019-05-09,1.0,1.0,0.0,1.2879361257284099,0.6,1.0
2019-05-10,1.0,1.0,0.0,1.295339701255358,0.6,1.0
2019-05-13,1.0,1.0,1.0,1.2931393252844985,1.0,1.0
2019-05-14,1.0,1.0,1.0,1.2578319327509324,1.0,1.0
2019-05-15,1.0,1.0,1.0,1.2626207081843022,1.0,1.0
2019-05-16,1.0,1.0,1.0,1.2550266286909717,1.0,1.0
2019-05-17,1.0,1.0,1.0,1.261764735919101,1.0,1.0
2019-05-20,1.0,1.0,1.0,1.2616189482846691,1.0,1.0
2019-05-21,1.0,1.0,1.0,1.256869463611672,1.0,1.0
2019-05-22,1.0,1.0,0.0,1.2521549437521733,0.6,1.0
2019-05-23,1.0,1.0,0.0,1.2574166403652316,0.6,1.0
2019-05-24,1.0,1.0,0.0,1.220608665910992,0.6,1.0
2019-05-28,1.0,1.0,0.0,1.2237047307332223,0.6,1.0
2019-05-29,1.0,1.0,-1.0,1.205011565115596,0.19999999999999996,1.0
2019-05-30,1.0,1.0,-1.0,1.2294312544578676,0.19999999999999996,1.0
2019-05-31,1.0,1.0,-1.0,1.243289431698392,0.19999999999999996,1.0
2019-06-03,1.0,1.0,0.0,1.2135266215750433,0.6,1.0
2019-06-04,1.0,1.0,1.0,1.1920152066295095,1.0,1.0
2019-06-05,1.0,1.0,1.0,1.1661142383815746,1.0,1.0
2019-06-06,1.0,1.0,1.0,1.1683839668017015,1.0,1.0
2019-06-07,1.0,1.0,1.0,1.1795712717504123,1.0,1.0
2019-06-10,1.0,1.0,1.0,1.1770688172692334,1.0,1.0
2019-06-11,1.0,1.0,1.0,1.1494388220227445,1.0,1.0
2019-06-12,1.0,1.0,1.0,1.1523356974150247,1.0,1.0
2019-06-13,1.0,1.0,1.0,1.151619948967342,1.0,1.0
2019-06-14,1.0,1.0,1.0,1.153425232054274,1.0,1.0
2019-06-17,1.0,1.0,1.0,1.1600967455746174,1.0,1.0
2019-06-18,1.0,1.0,1.0,1.161815157403776,1.0,1.0
2019-06-19,1.0,1.0,0.0,1.160790020355765,0.6,1.0
2019-06-20,1.0,1.0,1.0,1.1835076242821925,1.0,1.0
2019-06-21,1.0,1.0,1.0,1.1829598013454516,1.0,1.0
2019-06-24,1.0,1.0,1.0,1.2114369501288593,1.0,1.0
2019-06-25,1.0,1.0,1.0,1.196436566701251,1.0,1.0
2019-06-26,1.0,1.0,1.0,1.1963866418660003,1.0,1.0
2019-06-27,1.0,1.0,1.0,1.1740314350380119,1.0,1.0
2019-06-28,1.0,1.0,1.0,1.1657583078662603,1.0,1.0
2019-07-01,1.0,1.0,1.0,1.1704736095223394,1.0,1.0
2019-07-02,1.0,1.0,1.0,1.2158754768230666,1.0,1.0
2019-07-03,1.0,1.0,0.0,1.2015302466572135,0.6,1.0
2019-07-05,1.0,1.0,0.0,1.2184391397363143,0.6,1.0
2019-07-08,1.0,1.0,-1.0,1.1588191966495933,0.19999999999999996,1.0
2019-07-09,1.0,1.0,-1.0,1.1567631278943693,0.19999999999999996,1.0
2019-07-10,1.0,1.0,-1.0,1.1565144864589612,0.19999999999999996,1.0
2019-07-11,1.0,1.0,0.0,1.1562269374316823,0.6,1.0
2019-07-12,1.0,1.0,1.0,1.1302289616234427,1.0,1.0
2019-07-15,1.0,1.0,1.0,1.1382183379826079,1.0,1.0
2019-07-16,1.0,1.0,1.0,1.155547064253318,1.0,1.0
2019-07-17,1.0,1.0,1.0,1.1405137157023644,1.0,1.0
2019-07-18,1.0,1.0,0.0,1.1356826908300537,0.6,1.0
2019-07-19,1.0,1.0,1.0,1.1348320474256517,1.0,1.0
2019-07-22,1.0,1.0,1.0,1.1334232750612683,1.0,1.0
2019-07-23,1.0,1.0,1.0,1.1380104439923462,1.0,1.0
2019-07-24,1.0,1.0,1.0,1.1293123287418616,1.0,1.0
2019-07-25,1.0,1.0,0.0,1.1325595900882244,0.6,1.0
2019-07-26,1.0,1.0,0.0,1.1253117385493707,0.6,1.0
2019-07-29,1.0,1.0,0.0,1.1282649682831756,0.6,1.0
2019-07-30,1.0,1.0,0.0,1.1358204508998804,0.6,1.0
2019-07-31,1.0,1.0,0.0,1.1387338300349208,0.6,1.0
2019-08-01,1.0,1.0,-1.0,1.133638488906327,0.19999999999999996,1.0
2019-08-02,1.0,1.0,-1.0,1.0679084708933242,0.19999999999999996,1.0
2019-08-05,1.0,1.0,-1.0,1.063051843362178,0.19999999999999996,1.0
2019-08-06,1.0,1.0,-1.0,1.014343775372722,0.19999999999999996,1.0
2019-08-07,1.0,1.0,-1.0,1.0246410085706072,0.19999999999999996,1.0
2019-08-08,1.0,1.0,-1.0,1.0371408520227734,0.19999999999999996,1.0
2019-08-09,1.0,1.0,-1.0,1.038415135989625,0.19999999999999996,1.0
2019-08-12,1.0,1.0,-1.0,1.0380687609536867,0.19999999999999996,1.0
2019-08-13,1.0,1.0,-1.0,1.022725596702523,0.19999999999999996,1.0
2019-08-14,1.0,1.0,-1.0,1.018690894435499,0.19999999999999996,1.0
2019-08-15,1.0,1.0,-1.0,0.9957885077427365,0.19999999999999996,1.0
2019-08-16,1.0,1.0,-1.0,0.9887454901723306,0.19999999999999996,1.0
2019-08-19,1.0,1.0,-1.0,0.9801496193182939,0.19999999999999996,1.0
2019-08-20,1.0,1.0,-1.0,0.9671184887901929,0.19999999999999996,1.0
2019-08-21,1.0,1.0,-1.0,0.9657479811344372,0.19999999999999996,1.0
2019-08-22,1.0,1.0,-1.0,0.9564951227596544,0.19999999999999996,1.0
2019-08-23,1.0,1.0,-1.0,0.9672065013928814,0.19999999999999996,1.0
2019-08-26,1.0,1.0,-1.0,0.9371557989725466,0.19999999999999996,1.0
2019-08-27,1.0,1.0,-1.0,0.9414725143554984,0.19999999999999996,0.0
2019-08-28,1.0,1.0,-1.0,0.9356749259698145,0.19999999999999996,0.0
2019-08-29,1.0,1.0,-1.0,0.936590082243792,0.19999999999999996,0.0
2019-08-30,1.0,1.0,-1.0,0.9475093041451065,0.19999999999999996,0.0
2019-09-03,1.0,1.0,-1.0,0.9613493004125127,0.19999999999999996,1.0
2019-09-04,1.0,1.0,-1.0,0.9741588071827066,0.19999999999999996,1.0
2019-09-05,1.0,1.0,-1.0,0.9741335885039999,0.19999999999999996,1.0
2019-09-06,1.0,1.0,-1.0,0.9251092362862459,0.19999999999999996,1.0
2019-09-09,1.0,1.0,-1.0,0.9262496649368589,0.19999999999999996,1.0
2019-09-10,1.0,1.0,-1.0,0.9136372130197649,0.19999999999999996,1.0
2019-09-11,1.0,1.0,-1.0,0.8813113404535601,0.19999999999999996,1.0
2019-09-12,1.0,1.0,-1.0,0.8776642773519154,0.19999999999999996,1.0
2019-09-13,1.0,1.0,-1.0,0.8730290308829618,0.19999999999999996,1.0
2019-09-16,1.0,1.0,-1.0,0.8355142108677848,0.19999999999999996,1.0
2019-09-17,1.0,1.0,-1.0,0.8270694974267919,0.19999999999999996,1.0
2019-09-18,1.0,1.0,-1.0,0.8270312849952246,0.19999999999999996,0.0
2019-09-19,1.0,1.0,-1.0,0.8287079685168433,0.19999999999999996,0.0
2019-09-20,1.0,1.0,-1.0,0.8293052997083155,0.19999999999999996,0.0
2019-09-23,1.0,1.0,-1.0,0.834517087647666,0.19999999999999996,0.0
2019-09-24,1.0,1.0,-1.0,0.839291428501822,0.19999999999999996,0.0
2019-09-25,1.0,1.0,-1.0,0.8247492388329024,0.19999999999999996,0.0
2019-09-26,1.0,1.0,-1.0,0.808903205383414,0.19999999999999996,0.0
2019-09-27,1.0,1.0,-1.0,0.8103075224435318,0.19999999999999996,0.0
2019-09-30,1.0,1.0,-1.0,0.8103068388984974,0.19999999999999996,0.0
2019-10-01,1.0,1.0,-1.0,0.8132540814927267,0.19999999999999996,1.0
2019-10-02,1.0,1.0,0.0,0.8166177747396445,0.6,1.0
2019-10-03,1.0,1.0,0.0,0.8120749030891268,0.6,1.0
2019-10-04,1.0,1.0,0.0,0.8235362721503362,0.6,1.0
2019-10-07,1.0,1.0,0.0,0.8239888284678437,0.6,1.0
2019-10-08,1.0,1.0,0.0,0.8198120800652793,0.6,1.0
2019-10-09,1.0,1.0,0.0,0.8196100310326261,0.6,1.0
2019-10-10,1.0,1.0,0.0,0.822293555244426,0.6,1.0
2019-10-11,1.0,1.0,0.0,0.8026764739305708,0.6,1.0
2019-10-15,1.0,1.0,0.0,0.7823082353329669,0.6,1.0
2019-10-16,1.0,1.0,0.0,0.7862420899694278,0.6,1.0
2019-10-17,1.0,1.0,0.0,0.795084155883981,0.6,1.0
2019-10-18,1.0,1.0,0.0,0.7951324654615571,0.6,1.0
2019-10-21,1.0,1.0,1.0,0.7955563231575655,1.0,1.0
2019-10-22,1.0,1.0,1.0,0.7910468370505053,1.0,1.0
2019-10-23,1.0,1.0,1.0,0.7931004005220743,1.0,1.0
2019-10-24,1.0,1.0,1.0,0.7945093986223158,1.0,1.0
2019-10-25,1.0,1.0,1.0,0.7971773423768351,1.0,1.0
2019-10-28,1.0,1.0,1.0,0.7944176314492557,1.0,1.0
2019-10-29,1.0,1.0,1.0,0.7883568968151498,1.0,1.0
2019-10-30,1.0,1.0,1.0,0.7882762209061152,1.0,1.0
2019-10-31,1.0,1.0,1.0,0.7840304497749992,1.0,1.0
2019-11-01,1.0,1.0,1.0,0.7973230357161347,1.0,1.0
2019-11-04,1.0,1.0,1.0,0.7962684737293422,1.0,1.0
2019-11-05,1.0,-1.0,1.0,-0.8162508281092491,-0.19999999999999996,1.0
2019-11-06,1.0,-1.0,1.0,-0.8057344352290947,-0.19999999999999996,1.0
2019-11-07,1.0,-1.0,1.0,-0.800430414948744,-0.19999999999999996,1.0
2019-11-08,1.0,-1.0,1.0,-0.7743676630880038,-0.19999999999999996,1.0
2019-11-12,1.0,-1.0,1.0,-0.7743890860871198,-0.19999999999999996,1.0
2019-11-13,1.0,-1.0,1.0,-0.7929472448202749,-0.19999999999999996,1.0
2019-11-14,1.0,-1.0,1.0,-0.7901640163005068,-0.19999999999999996,1.0
2019-11-15,1.0,-1.0,1.0,-0.801504100380865,-0.19999999999999996,1.0
2019-11-18,1.0,-1.0,1.0,-0.8147968172614136,-0.19999999999999996,1.0
2019-11-19,1.0,-1.0,1.0,-0.8134482203696779,-0.19999999999999996,1.0
2019-11-20,1.0,-1.0,1.0,-0.8176209388418271,-0.19999999999999996,1.0
2019-11-21,1.0,-1.0,1.0,-0.814794263344247,-0.19999999999999996,1.0
2019-11-22,1.0,-1.0,1.0,-0.8148812851289424,-0.19999999999999996,1.0
2019-11-25,1.0,-1.0,1.0,-0.8167983153842616,-0.19999999999999996,1.0
2019-11-26,1.0,-1.0,1.0,-0.8452410390661735,-0.19999999999999996,1.0
2019-11-27,1.0,-1.0,1.0,-0.8444641685007523,-0.19999999999999996,1.0
2019-11-29,1.0,-1.0,0.0,-0.8509436773655805,-0.6,1.0
2019-12-02,1.0,-1.0,0.0,-0.8526647598916145,-0.6,1.0
2019-12-03,1.0,-1.0,1.0,-0.8487610297642111,-0.19999999999999996,1.0
2019-12-04,1.0,-1.0,1.0,-0.8139058032545934,-0.19999999999999996,1.0
2019-12-05,1.0,-1.0,1.0,-0.811616957171215,-0.19999999999999996,1.0
2019-12-06,1.0,-1.0,1.0,-0.8101387088690046,-0.19999999999999996,1.0
2019-12-09,1.0,-1.0,1.0,-0.8311582277897933,-0.19999999999999996,1.0
2019-12-10,1.0,-1.0,1.0,-0.8322196556847976,-0.19999999999999996,1.0
2019-12-11,1.0,-1.0,1.0,-0.847913805302577,-0.19999999999999996,1.0
2019-12-12,1.0,-1.0,1.0,-0.8593596816006996,-0.19999999999999996,1.0
2019-12-13,1.0,-1.0,1.0,-0.8288518873077676,-0.19999999999999996,1.0
2019-12-16,1.0,-1.0,1.0,-0.815687022340465,-0.19999999999999996,1.0
2019-12-17,1.0,1.0,1.0,0.8345097957527604,1.0,1.0
2019-12-18,1.0,-1.0,1.0,-0.8444566088323048,-0.19999999999999996,1.0
2019-12-19,1.0,-1.0,1.0,-0.8449296099043065,-0.19999999999999996,1.0
2019-12-20,1.0,-1.0,1.0,-0.8453162799180838,-0.19999999999999996,1.0
2019-12-23,1.0,-1.0,1.0,-0.8457123784893185,-0.19999999999999996,1.0
2019-12-24,1.0,-1.0,1.0,-0.8534624418513994,-0.19999999999999996,1.0
2019-12-26,1.0,-1.0,1.0,-0.8518801058288725,-0.19999999999999996,1.0
2019-12-27,1.0,-1.0,1.0,-0.8728165997227314,-0.19999999999999996,1.0
2019-12-30,1.0,-1.0,1.0,-0.8956961202855979,-0.19999999999999996,1.0
2019-12-31,1.0,-1.0,1.0,-0.8983600733921777,-0.19999999999999996,1.0
2020-01-02,1.0,-1.0,1.0,-0.8980688715224389,-0.19999999999999996,1.0
2020-01-03,1.0,-1.0,1.0,-0.8924252922772827,-0.19999999999999996,1.0
2020-01-06,1.0,-1.0,1.0,-0.8740774753293986,-0.19999999999999996,1.0
2020-01-07,1.0,-1.0,1.0,-0.8828650362141994,-0.19999999999999996,1.0
2020-01-08,1.0,-1.0,1.0,-0.8956827808430158,-0.19999999999999996,1.0
2020-01-09,1.0,-1.0,1.0,-0.893794637935781,-0.19999999999999996,1.0
2020-01-10,1.0,-1.0,1.0,-0.8959059636480835,-0.19999999999999996,1.0
2020-01-13,1.0,-1.0,1.0,-0.8959358325817368,-0.19999999999999996,1.0
2020-01-14,1.0,-1.0,1.0,-0.9023912925409728,-0.19999999999999996,1.0
2020-01-15,1.0,-1.0,1.0,-0.919718113557937,-0.19999999999999996,1.0
2020-01-16,1.0,-1.0,0.0,-0.946019150663769,-0.6,1.0
2020-01-17,1.0,-1.0,0.0,-0.9448872118554522,-0.6,1.0
2020-01-21,1.0,-1.0,0.0,-0.9433569061442386,-0.6,1.0
2020-01-22,1.0,-1.0,0.0,-0.9295543150904801,-0.6,1.0
2020-01-23,1.0,-1.0,0.0,-0.9291599872920809,-0.6,1.0
2020-01-24,1.0,1.0,0.0,0.9319948339156394,0.6,1.0
2020-01-27,1.0,1.0,0.0,0.9276391999995762,0.6,1.0
2020-01-28,1.0,1.0,-1.0,0.90004598583004,0.19999999999999996,1.0
2020-01-29,1.0,1.0,-1.0,0.8939487253367479,0.19999999999999996,1.0
2020-01-30,1.0,1.0,-1.0,0.8899000730463533,0.19999999999999996,1.0
2020-01-31,1.0,1.0,-1.0,0.8971762501947179,0.19999999999999996,1.0
2020-02-03,1.0,1.0,-1.0,0.8869790543712929,0.19999999999999996,1.0
2020-02-04,1.0,1.0,-1.0,0.8930006015057398,0.19999999999999996,1.0
2020-02-05,1.0,1.0,-1.0,0.9005664819466944,0.19999999999999996,1.0
2020-02-06,1.0,1.0,0.0,0.8973224641180745,0.6,1.0
2020-02-07,1.0,1.0,0.0,0.9102245508266081,0.6,1.0
2020-02-10,1.0,1.0,-1.0,0.9176629404764882,0.19999999999999996,1.0
2020-02-11,1.0,1.0,-1.0,0.9227795772245462,0.19999999999999996,1.0
2020-02-12,1.0,1.0,-1.0,0.9695390123599917,0.19999999999999996,1.0
2020-02-13,1.0,1.0,-1.0,0.9668318389318651,0.19999999999999996,1.0
2020-02-14,1.0,1.0,-1.0,0.9676662799274077,0.19999999999999996,1.0
2020-02-18,1.0,1.0,-1.0,0.9718818551927485,0.19999999999999996,1.0
2020-02-19,1.0,1.0,-1.0,0.9795484039867824,0.19999999999999996,1.0
2020-02-20,1.0,1.0,-1.0,0.9812058223972566,0.19999999999999996,1.0
2020-02-21,1.0,1.0,-1.0,0.9783994130745387,0.19999999999999996,1.0
2020-02-24,1.0,1.0,-1.0,0.966030184995318,0.19999999999999996,1.0
2020-02-25,1.0,1.0,-1.0,0.9545905658008343,0.19999999999999996,1.0
2020-02-26,1.0,1.0,-1.0,0.9552551603196259,0.19999999999999996,1.0
2020-02-27,1.0,1.0,-1.0,0.9552440676936332,0.19999999999999996,1.0
2020-02-28,1.0,1.0,-1.0,0.9530668392335283,0.19999999999999996,1.0
2020-03-02,1.0,1.0,0.0,0.8589516111020201,0.6,1.0
2020-03-03,1.0,1.0,0.0,0.8625379604242646,0.6,1.0
2020-03-04,1.0,1.0,1.0,0.849090872506614,1.0,1.0
2020-03-05,1.0,1.0,1.0,0.8600040006658647,1.0,1.0
2020-03-06,1.0,1.0,1.0,0.8633306701531598,1.0,1.0
2020-03-09,1.0,1.0,1.0,0.7950212086666972,1.0,1.0
2020-03-10,1.0,1.0,0.0,0.7245238453788627,0.6,1.0
2020-03-11,1.0,1.0,0.0,0.6354102323577248,0.6,1.0
2020-03-12,1.0,1.0,1.0,0.627831946266514,1.0,1.0
2020-03-13,1.0,1.0,1.0,0.6221084784604075,1.0,1.0
2020-03-16,1.0,1.0,1.0,0.6176439406758777,1.0,1.0
2020-03-17,1.0,1.0,1.0,0.5915939338913809,1.0,1.0
2020-03-18,1.0,1.0,1.0,0.5135770687253904,1.0,1.0
2020-03-19,1.0,1.0,1.0,0.49831226718803584,1.0,1.0
2020-03-20,1.0,1.0,1.0,0.49695002171919855,1.0,1.0
2020-03-23,1.0,1.0,1.0,0.4779220258015717,1.0,1.0
2020-03-24,1.0,1.0,1.0,0.46701972513838025,1.0,1.0
2020-03-25,1.0,1.0,1.0,0.4622310603537353,1.0,1.0
2020-03-26,1.0,1.0,1.0,0.46094369126245305,1.0,1.0
2020-03-27,1.0,1.0,1.0,0.46045501725787796,1.0,1.0
2020-03-30,1.0,1.0,1.0,0.4563415509342131,1.0,1.0
2020-03-31,1.0,1.0,1.0,0.4563405421381726,1.0,1.0
2020-04-01,1.0,1.0,1.0,0.45684205765818997,1.0,1.0
2020-04-02,1.0,1.0,1.0,0.45571337913149107,1.0,1.0
2020-04-03,1.0,1.0,1.0,0.4554400183723635,1.0,1.0
2020-04-06,1.0,1.0,1.0,0.4570044899539722,1.0,1.0
2020-04-07,1.0,1.0,1.0,0.4550567894115729,1.0,1.0
2020-04-08,1.0,1.0,1.0,0.45106794205196776,1.0,1.0
2020-04-09,1.0,1.0,1.0,0.4518216882754153,1.0,1.0
2020-04-13,1.0,1.0,1.0,0.4515735850334078,1.0,1.0
2020-04-14,1.0,1.0,1.0,0.4505253235045189,1.0,1.0
2020-04-15,1.0,1.0,1.0,0.4509795797280971,1.0,1.0
2020-04-16,1.0,1.0,1.0,0.4451322932606251,1.0,1.0
2020-04-17,1.0,1.0,1.0,0.4451810735231328,1.0,1.0
2020-04-20,1.0,1.0,1.0,0.44423042780124705,1.0,1.0
2020-04-21,1.0,1.0,1.0,0.44520560389490516,1.0,1.0
2020-04-22,1.0,1.0,1.0,0.4454243608437676,1.0,1.0
2020-04-23,1.0,1.0,1.0,0.4433061902616924,1.0,1.0
2020-04-24,1.0,1.0,1.0,0.4433611634015212,1.0,1.0
2020-04-27,1.0,1.0,1.0,0.4435398174805241,1.0,1.0
2020-04-28,1.0,1.0,1.0,0.4423912373689918,1.0,1.0
2020-04-29,1.0,1.0,1.0,0.4431112175128142,1.0,1.0
2020-04-30,1.0,1.0,1.0,0.4432950304817932,1.0,1.0
2020-05-01,1.0,1.0,1.0,0.4431094023374294,1.0,1.0
2020-05-04,1.0,1.0,1.0,0.4438933540222178,1.0,1.0
2020-05-05,1.0,1.0,1.0,0.4446187743932976,1.0,1.0
2020-05-06,1.0,1.0,1.0,0.44710137495780605,1.0,1.0
2020-05-07,1.0,1.0,1.0,0.44628108121677734,1.0,1.0
2020-05-08,1.0,1.0,1.0,0.44371150352784877,1.0,1.0
2020-05-11,1.0,1.0,1.0,0.4419815283647441,1.0,1.0
2020-05-12,1.0,1.0,1.0,0.4408139871244604,1.0,1.0
2020-05-13,1.0,1.0,1.0,0.441270400644178,1.0,1.0
2020-05-14,1.0,1.0,1.0,0.4415202290357816,1.0,1.0
2020-05-15,1.0,1.0,1.0,0.44152072651307533,1.0,1.0
2020-05-18,1.0,1.0,1.0,0.4412514658374891,1.0,1.0
2020-05-19,1.0,1.0,1.0,0.4367507981324127,1.0,1.0
2020-05-20,1.0,1.0,1.0,0.4368355366738403,1.0,1.0
2020-05-21,1.0,1.0,1.0,0.4370987825007655,1.0,1.0
2020-05-22,1.0,1.0,1.0,0.43793176669031425,1.0,1.0
2020-05-26,1.0,1.0,1.0,0.439803263098317,1.0,1.0
2020-05-27,1.0,1.0,1.0,0.43971760701682044,1.0,1.0
2020-05-28,1.0,1.0,1.0,0.43975879553241787,1.0,1.0
2020-05-29,1.0,1.0,1.0,0.43954174142849184,1.0,1.0
2020-06-01,1.0,1.0,1.0,0.4500229926546193,1.0,1.0
2020-06-02,1.0,1.0,1.0,0.4501240595012657,1.0,1.0
2020-06-03,1.0,1.0,1.0,0.45232589780538046,1.0,1.0
2020-06-04,1.0,1.0,1.0,0.4480682924562407,1.0,1.0
2020-06-05,1.0,1.0,1.0,0.45113491616350365,1.0,1.0
2020-06-08,1.0,-1.0,1.0,-0.4631648123879247,-0.19999999999999996,1.0
2020-06-09,1.0,-1.0,1.0,-0.48569234101634434,-0.19999999999999996,1.0
2020-06-10,1.0,-1.0,1.0,-0.5157632179134728,-0.19999999999999996,1.0
2020-06-11,1.0,1.0,1.0,0.512577092347668,1.0,1.0
2020-06-12,1.0,1.0,0.0,0.5098718864761886,0.6,1.0
2020-06-15,1.0,1.0,0.0,0.5106169071363732,0.6,1.0
2020-06-16,1.0,1.0,0.0,0.5428551271689523,0.6,1.0
2020-06-17,1.0,1.0,0.0,0.6296950509257979,0.6,1.0
2020-06-18,1.0,1.0,0.0,0.6673216877962808,0.6,1.0
2020-06-19,1.0,1.0,0.0,0.6707165564234974,0.6,1.0
2020-06-22,1.0,1.0,0.0,0.736765121711642,0.6,1.0
2020-06-23,1.0,1.0,0.0,0.7933744562053743,0.6,1.0
2020-06-24,1.0,1.0,0.0,0.8107313523963082,0.6,1.0
2020-06-25,1.0,1.0,0.0,0.8135471393869727,0.6,1.0
2020-06-26,1.0,1.0,0.0,0.8196748965422371,0.6,1.0
2020-06-29,1.0,1.0,0.0,0.8504022795909301,0.6,1.0
2020-06-30,1.0,1.0,0.0,0.8515541481094284,0.6,1.0
2020-07-01,1.0,1.0,0.0,0.8501589026098789,0.6,1.0
2020-07-02,1.0,-1.0,0.0,-0.8686155178422856,-0.6,1.0
2020-07-06,1.0,-1.0,0.0,-0.8684811505565541,-0.6,1.0
2020-07-07,1.0,-1.0,0.0,-0.868619600900393,-0.6,1.0
2020-07-08,1.0,1.0,0.0,0.8715178535919792,0.6,1.0
2020-07-09,1.0,1.0,0.0,0.8934685442380571,0.6,1.0
2020-07-10,1.0,1.0,0.0,0.8866016835585103,0.6,1.0
2020-07-13,1.0,1.0,0.0,0.8881829660347903,0.6,1.0
2020-07-14,1.0,1.0,0.0,0.8915680369375188,0.6,1.0
2020-07-15,1.0,1.0,0.0,0.8913394402798038,0.6,1.0
2020-07-16,1.0,-1.0,0.0,-0.9593026977729349,-0.6,1.0
2020-07-17,1.0,-1.0,0.0,-0.9593039589314961,-0.6,1.0
2020-07-20,1.0,1.0,0.0,0.9649484903534694,0.6,1.0
2020-07-21,1.0,1.0,0.0,0.9649472290684711,0.6,1.0
2020-07-22,1.0,-1.0,0.0,-0.9765872401846547,-0.6,1.0
2020-07-23,1.0,1.0,0.0,0.9886514650558117,0.6,1.0
2020-07-24,1.0,1.0,-1.0,0.9901438755043703,0.19999999999999996,1.0
2020-07-27,1.0,1.0,-1.0,0.9906337430671924,0.19999999999999996,1.0
2020-07-28,1.0,1.0,-1.0,1.0120551772922024,0.19999999999999996,1.0
2020-07-29,1.0,1.0,-1.0,1.0207179252814003,0.19999999999999996,1.0
2020-07-30,1.0,1.0,-1.0,1.0208568668332885,0.19999999999999996,1.0
2020-07-31,1.0,1.0,-1.0,1.0168659027394358,0.19999999999999996,1.0
2020-08-03,1.0,1.0,-1.0,1.0168653186323333,0.19999999999999996,1.0
2020-08-04,1.0,1.0,-1.0,1.016154735645275,0.19999999999999996,1.0
2020-08-05,1.0,1.0,-1.0,1.0106551171688238,0.19999999999999996,1.0
2020-08-06,1.0,1.0,-1.0,1.026344620178533,0.19999999999999996,1.0
2020-08-07,1.0,1.0,-1.0,1.073089326208171,0.19999999999999996,1.0
2020-08-10,1.0,1.0,-1.0,1.0953886232788237,0.19999999999999996,1.0
2020-08-11,1.0,1.0,-1.0,1.1042560271933468,0.19999999999999996,1.0
2020-08-12,1.0,1.0,-1.0,1.0958808147905577,0.19999999999999996,1.0
2020-08-13,1.0,-1.0,0.0,-1.0958350120875557,-0.6,1.0
2020-08-14,1.0,-1.0,0.0,-1.0942181293287452,-0.6,1.0
2020-08-17,1.0,-1.0,1.0,-1.0947416531873506,-0.19999999999999996,1.0
2020-08-18,1.0,1.0,1.0,1.1516979930138336,1.0,1.0
2020-08-19,1.0,1.0,1.0,1.1556120260006382,1.0,1.0
2020-08-20,1.0,0.0,1.0,0.0,0.4,1.0
2020-08-21,1.0,1.0,1.0,1.150783143777236,1.0,1.0
2020-08-24,1.0,1.0,0.0,1.1531285581332902,0.6,1.0
2020-08-25,1.0,1.0,0.0,1.1597700912056195,0.6,1.0
2020-08-26,1.0,-1.0,0.0,-1.147487294644135,-0.6,1.0
2020-08-27,1.0,1.0,0.0,1.150656375080307,0.6,1.0
2020-08-28,1.0,-1.0,1.0,-1.151718232742626,-0.19999999999999996,1.0
2020-08-31,1.0,-1.0,1.0,-1.1523010203491102,-0.19999999999999996,1.0
2020-09-01,1.0,-1.0,1.0,-1.1516902879180824,-0.19999999999999996,1.0
2020-09-02,1.0,1.0,1.0,1.2084704658887215,1.0,1.0
2020-09-03,1.0,1.0,0.0,1.230749532840478,0.6,1.0
2020-09-04,1.0,1.0,0.0,1.3159284394375796,0.6,1.0
2020-09-08,1.0,1.0,1.0,1.2287917014427934,1.0,1.0
2020-09-09,1.0,1.0,1.0,1.2349500110401117,1.0,1.0
2020-09-10,1.0,1.0,1.0,1.3134532606207827,1.0,1.0
2020-09-11,1.0,-1.0,1.0,-1.4073393766558377,-0.19999999999999996,1.0
2020-09-14,1.0,1.0,1.0,1.4441120204255262,1.0,1.0
2020-09-15,1.0,1.0,1.0,1.4423675699802305,1.0,1.0
2020-09-16,1.0,1.0,1.0,1.4691198146774613,1.0,1.0
2020-09-17,1.0,1.0,1.0,1.4685057446715644,1.0,1.0
2020-09-18,1.0,1.0,1.0,1.4830663099339876,1.0,1.0
2020-09-21,1.0,0.0,1.0,0.0,0.4,1.0
2020-09-22,1.0,1.0,1.0,1.478091456422895,1.0,1.0
2020-09-23,1.0,1.0,1.0,1.479954911682056,1.0,1.0
2020-09-24,1.0,1.0,1.0,1.4950531903632418,1.0,1.0
2020-09-25,1.0,1.0,1.0,1.4950527452906432,1.0,1.0
2020-09-28,1.0,-1.0,1.0,-1.5,-0.19999999999999996,1.0
2020-09-29,1.0,-1.0,1.0,-1.5,-0.19999999999999996,1.0
2020-09-30,1.0,0.0,1.0,0.0,0.4,1.0
2020-10-01,1.0,0.0,1.0,0.0,0.4,1.0
2020-10-02,1.0,0.0,1.0,0.0,0.4,1.0
2020-10-05,1.0,-1.0,1.0,-1.5,-0.19999999999999996,1.0
2020-10-06,1.0,-1.0,1.0,-1.443389851110441,-0.19999999999999996,1.0
2020-10-07,1.0,-1.0,1.0,-1.4412287274753963,-0.19999999999999996,1.0
2020-10-08,1.0,-1.0,1.0,-1.4487540974636164,-0.19999999999999996,1.0
2020-10-09,1.0,-1.0,1.0,-1.4441396524367662,-0.19999999999999996,1.0
2020-10-13,1.0,-1.0,1.0,-1.44558531399868,-0.19999999999999996,1.0
2020-10-14,1.0,-1.0,1.0,-1.406956480000811,-0.19999999999999996,1.0
2020-10-15,1.0,-1.0,1.0,-1.4060286233307269,-0.19999999999999996,1.0
2020-10-16,1.0,-1.0,1.0,-1.4119458993620362,-0.19999999999999996,1.0
2020-10-19,1.0,-1.0,1.0,-1.4120414580755223,-0.19999999999999996,1.0
2020-10-20,1.0,-1.0,1.0,-1.414780570033942,-0.19999999999999996,1.0
2020-10-21,1.0,-1.0,1.0,-1.4065616481165715,-0.19999999999999996,1.0
2020-10-22,1.0,-1.0,1.0,-1.405286679220741,-0.19999999999999996,1.0
2020-10-23,1.0,-1.0,1.0,-1.3900307885686929,-0.19999999999999996,1.0
2020-10-26,1.0,-1.0,1.0,-1.3821289663069805,-0.19999999999999996,1.0
2020-10-27,1.0,-1.0,1.0,-1.3662635713987838,-0.19999999999999996,1.0
2020-10-28,1.0,-1.0,1.0,-1.3739616252652338,-0.19999999999999996,1.0
2020-10-29,1.0,-1.0,1.0,-1.376216083794751,-0.19999999999999996,1.0
2020-10-30,1.0,-1.0,1.0,-1.3507631888460612,-0.19999999999999996,1.0
2020-11-02,1.0,-1.0,1.0,-1.3432948222680774,-0.19999999999999996,1.0
2020-11-03,1.0,-1.0,1.0,-1.3407437352422358,-0.19999999999999996,1.0
2020-11-04,1.0,-1.0,1.0,-1.3601698329054572,-0.19999999999999996,1.0
2020-11-05,1.0,-1.0,1.0,-1.2006635234633645,-0.19999999999999996,1.0
2020-11-06,1.0,-1.0,1.0,-1.2004430897681442,-0.19999999999999996,1.0
2020-11-09,1.0,-1.0,1.0,-1.1913501122067893,-0.19999999999999996,1.0
2020-11-10,1.0,-1.0,1.0,-1.0764104518619408,-0.19999999999999996,1.0
2020-11-12,1.0,-1.0,1.0,-1.0883731227794784,-0.19999999999999996,1.0
2020-11-13,1.0,-1.0,1.0,-1.035461423830957,-0.19999999999999996,1.0
2020-11-16,1.0,-1.0,1.0,-1.0368812811124002,-0.19999999999999996,1.0
2020-11-17,1.0,-1.0,1.0,-1.035312332741584,-0.19999999999999996,1.0
2020-11-18,1.0,-1.0,1.0,-1.027905507263131,-0.19999999999999996,1.0
2020-11-19,1.0,-1.0,1.0,-1.030692072458847,-0.19999999999999996,1.0
2020-11-20,1.0,-1.0,1.0,-1.02795333204726,-0.19999999999999996,1.0
2020-11-23,1.0,-1.0,1.0,-1.0280338096850958,-0.19999999999999996,1.0
2020-11-24,1.0,-1.0,1.0,-1.0250282670950555,-0.19999999999999996,1.0
2020-11-25,1.0,-1.0,1.0,-1.0237911589715396,-0.19999999999999996,1.0
2020-11-27,1.0,-1.0,1.0,-1.031409609675628,-0.19999999999999996,1.0
2020-11-30,1.0,-1.0,1.0,-1.0212919690383404,-0.19999999999999996,1.0
2020-12-01,1.0,-1.0,1.0,-1.0343771926624168,-0.19999999999999996,1.0
2020-12-02,1.0,-1.0,1.0,-1.0016032477245551,-0.19999999999999996,1.0
2020-12-03,1.0,-1.0,1.0,-1.0007970935963895,-0.19999999999999996,1.0
2020-12-04,1.0,-1.0,1.0,-1.0049715915336745,-0.19999999999999996,1.0
2020-12-07,1.0,-1.0,1.0,-0.9974696316188919,-0.19999999999999996,1.0
2020-12-08,1.0,-1.0,1.0,-0.9976032979707372,-0.19999999999999996,1.0
2020-12-09,1.0,-1.0,1.0,-1.0354006715817485,-0.19999999999999996,1.0
2020-12-10,1.0,-1.0,1.0,-1.0380627424791853,-0.19999999999999996,1.0
2020-12-11,1.0,-1.0,1.0,-1.0331257400210783,-0.19999999999999996,1.0
2020-12-14,1.0,-1.0,1.0,-1.0364508607684157,-0.19999999999999996,1.0
2020-12-15,1.0,-1.0,1.0,-1.0374449417067435,-0.19999999999999996,1.0
2020-12-16,1.0,-1.0,1.0,-1.036186026253437,-0.19999999999999996,1.0
2020-12-17,1.0,-1.0,1.0,-1.0361816254570593,-0.19999999999999996,1.0
2020-12-18,1.0,-1.0,1.0,-1.0349490661553737,-0.19999999999999996,1.0
2020-12-21,1.0,-1.0,1.0,-1.0348496592503282,-0.19999999999999996,1.0
2020-12-22,1.0,-1.0,1.0,-1.0349604984794216,-0.19999999999999996,1.0
2020-12-23,1.0,-1.0,1.0,-1.0350059969333054,-0.19999999999999996,1.0
2020-12-24,1.0,-1.0,1.0,-1.0313924280077413,-0.19999999999999996,1.0
2020-12-28,1.0,-1.0,1.0,-1.02818545164144,-0.19999999999999996,1.0
2020-12-29,1.0,-1.0,1.0,-1.0292245229560295,-0.19999999999999996,1.0
2020-12-30,1.0,-1.0,1.0,-1.030284773892391,-0.19999999999999996,1.0
2020-12-31,1.0,-1.0,1.0,-1.0293234000494302,-0.19999999999999996,1.0
2021-01-04,1.0,-1.0,1.0,-1.030365983991532,-0.19999999999999996,1.0
2021-01-05,1.0,-1.0,1.0,-1.0341835342237236,-0.19999999999999996,1.0
2021-01-06,1.0,-1.0,1.0,-1.0315884842502994,-0.19999999999999996,1.0
2021-01-07,1.0,-1.0,1.0,-1.0027840120958247,-0.19999999999999996,1.0
2021-01-08,1.0,-1.0,1.0,-1.0271692812247373,-0.19999999999999996,1.0
2021-01-11,1.0,-1.0,1.0,-1.0200503960976905,-0.19999999999999996,1.0
2021-01-12,1.0,-1.0,1.0,-1.0300213602225052,-0.19999999999999996,1.0
2021-01-13,1.0,-1.0,1.0,-1.037062707780202,-0.19999999999999996,1.0
2021-01-14,1.0,-1.0,1.0,-1.0204143322363142,-0.19999999999999996,1.0
2021-01-15,1.0,-1.0,1.0,-1.0271735456679196,-0.19999999999999996,1.0
2021-01-19,1.0,-1.0,1.0,-1.0171281674130135,-0.19999999999999996,1.0
2021-01-20,1.0,-1.0,1.0,-1.0158701747617394,-0.19999999999999996,1.0
2021-01-21,1.0,-1.0,1.0,-1.0168523039102797,-0.19999999999999996,1.0
2021-01-22,1.0,-1.0,1.0,-1.0169315850943264,-0.19999999999999996,1.0
2021-01-25,1.0,-1.0,1.0,-1.0170279274172933,-0.19999999999999996,1.0
2021-01-26,1.0,-1.0,1.0,-1.0032264535413262,-0.19999999999999996,1.0
2021-01-27,1.0,-1.0,1.0,-1.010317224466095,-0.19999999999999996,1.0
2021-01-28,1.0,-1.0,1.0,-1.012225159345823,-0.19999999999999996,1.0
2021-01-29,1.0,-1.0,1.0,-1.0187889537759651,-0.19999999999999996,1.0
2021-02-01,1.0,-1.0,1.0,-1.015487376643084,-0.19999999999999996,1.0
2021-02-02,1.0,-1.0,1.0,-1.0123352900222669,-0.19999999999999996,1.0
2021-02-03,1.0,-1.0,1.0,-1.025837747907246,-0.19999999999999996,1.0
2021-02-04,1.0,-1.0,1.0,-1.0259917454022118,-0.19999999999999996,1.0
2021-02-05,1.0,-1.0,1.0,-1.027022581984526,-0.19999999999999996,1.0
2021-02-08,1.0,-1.0,1.0,-1.023920337114035,-0.19999999999999996,1.0
2021-02-09,1.0,-1.0,1.0,-1.123076525703552,-0.19999999999999996,1.0
2021-02-10,1.0,-1.0,1.0,-1.1212616502202895,-0.19999999999999996,1.0
2021-02-11,1.0,-1.0,1.0,-1.1209589869579808,-0.19999999999999996,1.0
2021-02-12,1.0,-1.0,1.0,-1.2573621761070002,-0.19999999999999996,1.0
2021-02-16,1.0,-1.0,1.0,-1.2470779036317814,-0.19999999999999996,1.0
2021-02-17,1.0,-1.0,1.0,-1.2699940362647373,-0.19999999999999996,1.0
2021-02-18,1.0,-1.0,1.0,-1.2673245171061578,-0.19999999999999996,1.0
2021-02-19,1.0,-1.0,1.0,-1.2689333940887149,-0.19999999999999996,1.0
2021-02-22,1.0,-1.0,1.0,-1.2731149678303397,-0.19999999999999996,1.0
2021-02-23,1.0,-1.0,1.0,-1.2682766778051537,-0.19999999999999996,1.0
2021-02-24,1.0,-1.0,1.0,-1.2757595888956914,-0.19999999999999996,1.0
2021-02-25,1.0,-1.0,1.0,-1.2916547331867332,-0.19999999999999996,1.0
2021-02-26,1.0,-1.0,1.0,-1.1085624883819827,-0.19999999999999996,1.0
2021-03-01,1.0,-1.0,1.0,-1.0375608903282563,-0.19999999999999996,1.0
2021-03-02,1.0,-1.0,1.0,-1.0380019574586192,-0.19999999999999996,1.0
2021-03-03,1.0,-1.0,1.0,-1.0433807353315974,-0.19999999999999996,1.0
2021-03-04,1.0,-1.0,1.0,-1.0351648390776365,-0.19999999999999996,1.0
2021-03-05,1.0,-1.0,1.0,-1.044496532818757,-0.19999999999999996,1.0
2021-03-08,1.0,-1.0,1.0,-1.046404848874167,-0.19999999999999996,1.0
2021-03-09,1.0,-1.0,1.0,-1.0537334876809623,-0.19999999999999996,1.0
2021-03-10,1.0,-1.0,1.0,-1.049366182636539,-0.19999999999999996,1.0
2021-03-11,1.0,-1.0,1.0,-1.0535212782101906,-0.19999999999999996,1.0
2021-03-12,1.0,-1.0,1.0,-1.0587140640870403,-0.19999999999999996,1.0
2021-03-15,1.0,-1.0,1.0,-1.0183525493515433,-0.19999999999999996,1.0
2021-03-16,1.0,-1.0,1.0,-1.0223675577495555,-0.19999999999999996,1.0
2021-03-17,1.0,-1.0,1.0,-1.026947847626924,-0.19999999999999996,1.0
2021-03-18,1.0,-1.0,1.0,-1.027625618547167,-0.19999999999999996,1.0
2021-03-19,1.0,-1.0,1.0,-1.005348343092111,-0.19999999999999996,1.0
2021-03-22,1.0,-1.0,1.0,-1.0048216944955084,-0.19999999999999996,1.0
2021-03-23,1.0,-1.0,1.0,-0.9867843171328537,-0.19999999999999996,1.0
2021-03-24,1.0,-1.0,1.0,-0.9642546430683493,-0.19999999999999996,1.0
2021-03-25,1.0,-1.0,1.0,-0.9628607262151803,-0.19999999999999996,1.0
2021-03-26,1.0,-1.0,1.0,-0.9671383796378524,-0.19999999999999996,1.0
2021-03-29,1.0,-1.0,1.0,-0.9653745900419927,-0.19999999999999996,1.0
2021-03-30,1.0,-1.0,1.0,-0.960346256428633,-0.19999999999999996,1.0
2021-03-31,1.0,-1.0,1.0,-0.9603094803512429,-0.19999999999999996,1.0
2021-04-01,1.0,-1.0,1.0,-0.9609473029934611,-0.19999999999999996,1.0
2021-04-02,1.0,-1.0,1.0,-0.9470190281668079,-0.19999999999999996,1.0
2021-04-05,1.0,-1.0,1.0,-0.9464486735997646,-0.19999999999999996,1.0
2021-04-06,1.0,-1.0,1.0,-0.9470584401119891,-0.19999999999999996,1.0
2021-04-07,1.0,-1.0,1.0,-0.928201431082221,-0.19999999999999996,1.0
2021-04-08,1.0,-1.0,1.0,-0.9485589132540249,-0.19999999999999996,1.0
2021-04-09,1.0,-1.0,1.0,-0.9426784226551082,-0.19999999999999996,1.0
2021-04-12,1.0,-1.0,1.0,-0.9482206035221639,-0.19999999999999996,1.0
2021-04-13,1.0,-1.0,1.0,-0.948296409016297,-0.19999999999999996,1.0
2021-04-14,1.0,-1.0,1.0,-0.9351275460678576,-0.19999999999999996,1.0
2021-04-15,1.0,-1.0,1.0,-0.9488641143615155,-0.19999999999999996,1.0
2021-04-16,1.0,-1.0,1.0,-0.9263260536094651,-0.19999999999999996,1.0
2021-04-19,1.0,-1.0,1.0,-0.9331593813157062,-0.19999999999999996,1.0
2021-04-20,1.0,-1.0,1.0,-0.9338806203265648,-0.19999999999999996,1.0
2021-04-21,1.0,-1.0,1.0,-0.928557565781987,-0.19999999999999996,1.0
2021-04-22,1.0,-1.0,1.0,-0.9280378212722562,-0.19999999999999996,1.0
2021-04-23,1.0,-1.0,1.0,-0.9307761625208816,-0.19999999999999996,1.0
2021-04-26,1.0,-1.0,1.0,-0.9445302339835291,-0.19999999999999996,1.0
2021-04-27,1.0,-1.0,1.0,-0.9445145879595193,-0.19999999999999996,1.0
2021-04-28,1.0,-1.0,1.0,-0.9393217642224357,-0.19999999999999996,1.0
2021-04-29,1.0,-1.0,1.0,-0.940850788560099,-0.19999999999999996,1.0
2021-04-30,1.0,-1.0,1.0,-0.944555136652796,-0.19999999999999996,1.0
2021-05-03,1.0,-1.0,1.0,-0.9476733336602403,-0.19999999999999996,1.0
2021-05-04,1.0,-1.0,1.0,-0.9463789227660884,-0.19999999999999996,1.0
2021-05-05,1.0,-1.0,1.0,-0.9454067553348727,-0.19999999999999996,1.0
2021-05-06,1.0,-1.0,0.0,-0.9426299159081974,-0.6,1.0
2021-05-07,1.0,-1.0,0.0,-0.9462494218646759,-0.6,1.0
2021-05-10,1.0,-1.0,0.0,-0.9456730435994648,-0.6,1.0
2021-05-11,1.0,-1.0,0.0,-0.9447061877248689,-0.6,1.0
2021-05-12,1.0,-1.0,0.0,-0.9505528043724293,-0.6,1.0
2021-05-13,1.0,-1.0,0.0,-0.9435771592798698,-0.6,1.0
2021-05-14,1.0,-1.0,0.0,-0.9422353963429824,-0.6,1.0
2021-05-17,1.0,-1.0,0.0,-0.9752321293987957,-0.6,1.0
2021-05-18,1.0,-1.0,0.0,-0.9762060403257673,-0.6,1.0
2021-05-19,1.0,-1.0,0.0,-0.97619856452715,-0.6,1.0
2021-05-20,1.0,-1.0,0.0,-0.9801218768491293,-0.6,1.0
2021-05-21,1.0,-1.0,0.0,-0.9698779084104828,-0.6,1.0
2021-05-24,1.0,-1.0,0.0,-0.9698738641761689,-0.6,1.0
2021-05-25,1.0,-1.0,0.0,-0.9675701984799743,-0.6,1.0
2021-05-26,1.0,-1.0,0.0,-1.0841421374612978,-0.6,1.0
2021-05-27,1.0,-1.0,0.0,-1.150049967522288,-0.6,1.0
2021-05-28,1.0,-1.0,0.0,-1.1450016530759368,-0.6,1.0
2021-06-01,1.0,-1.0,0.0,-1.1450882159615074,-0.6,1.0
2021-06-02,1.0,-1.0,0.0,-1.1515589642589692,-0.6,1.0
2021-06-03,1.0,-1.0,0.0,-1.1797923374494237,-0.6,1.0
2021-06-04,1.0,-1.0,0.0,-1.1708479811749937,-0.6,1.0
2021-06-07,1.0,1.0,-1.0,1.1411452257633137,0.19999999999999996,1.0
2021-06-08,1.0,-1.0,-1.0,-1.151844934541289,-1.0,1.0
2021-06-09,1.0,0.0,-1.0,0.0,-0.4,1.0
2021-06-10,1.0,1.0,-1.0,1.137667709802981,0.19999999999999996,1.0
2021-06-11,1.0,1.0,-1.0,1.1988836486002958,0.19999999999999996,1.0
2021-06-14,1.0,1.0,-1.0,1.197036570833669,0.19999999999999996,1.0
2021-06-15,1.0,1.0,-1.0,1.1826963245486997,0.19999999999999996,1.0
2021-06-16,1.0,1.0,-1.0,1.1837631422889447,0.19999999999999996,1.0
2021-06-17,1.0,1.0,-1.0,1.2066174400356713,0.19999999999999996,1.0
2021-06-18,1.0,1.0,-1.0,1.19698746516843,0.19999999999999996,1.0
2021-06-21,1.0,1.0,-1.0,1.1785358887083048,0.19999999999999996,1.0
2021-06-22,1.0,1.0,-1.0,1.1815119018125448,0.19999999999999996,1.0
2021-06-23,1.0,1.0,-1.0,1.1794809258717647,0.19999999999999996,1.0
2021-06-24,1.0,1.0,-1.0,1.17675563462462,0.19999999999999996,1.0
2021-06-25,1.0,1.0,-1.0,1.1904363716399915,0.19999999999999996,1.0
2021-06-28,1.0,1.0,-1.0,1.1992733909808366,0.19999999999999996,1.0
2021-06-29,1.0,1.0,-1.0,1.1818392952890442,0.19999999999999996,1.0
2021-06-30,1.0,1.0,-1.0,1.183200436590453,0.19999999999999996,1.0
2021-07-01,1.0,1.0,-1.0,1.189395479460545,0.19999999999999996,1.0
2021-07-02,1.0,1.0,-1.0,1.1891330885673106,0.19999999999999996,1.0
2021-07-06,1.0,1.0,-1.0,1.1804366289873638,0.19999999999999996,1.0
2021-07-07,1.0,1.0,-1.0,1.1702932564999005,0.19999999999999996,1.0
2021-07-08,1.0,1.0,-1.0,1.1626374256081655,0.19999999999999996,1.0
2021-07-09,1.0,1.0,-1.0,1.1668854397226491,0.19999999999999996,1.0
2021-07-12,1.0,1.0,-1.0,1.1336406890908899,0.19999999999999996,1.0
2021-07-13,1.0,1.0,-1.0,1.1363105440091372,0.19999999999999996,1.0
2021-07-14,1.0,1.0,-1.0,1.1368782682044287,0.19999999999999996,1.0
2021-07-15,1.0,1.0,-1.0,1.1221461535413932,0.19999999999999996,1.0
2021-07-16,1.0,1.0,-1.0,1.1396058047265747,0.19999999999999996,1.0
2021-07-19,1.0,1.0,-1.0,1.1478179438230447,0.19999999999999996,1.0
2021-07-20,1.0,1.0,-1.0,1.0653525140098516,0.19999999999999996,1.0
2021-07-21,1.0,1.0,-1.0,1.0559750804375696,0.19999999999999996,1.0
2021-07-22,1.0,1.0,-1.0,1.0248622813907364,0.19999999999999996,1.0
2021-07-23,1.0,1.0,-1.0,1.0215619245187995,0.19999999999999996,1.0
2021-07-26,1.0,1.0,-1.0,1.016390919836151,0.19999999999999996,1.0
2021-07-27,1.0,1.0,-1.0,1.0163380843240581,0.19999999999999996,1.0
2021-07-28,1.0,1.0,-1.0,1.0255411852600136,0.19999999999999996,1.0
2021-07-29,1.0,1.0,-1.0,1.0243675789743858,0.19999999999999996,1.0
2021-07-30,1.0,1.0,-1.0,1.024219634790784,0.19999999999999996,1.0
2021-08-02,1.0,1.0,-1.0,1.0184218590238074,0.19999999999999996,1.0
2021-08-03,1.0,1.0,-1.0,1.0135547935703628,0.19999999999999996,1.0
2021-08-04,1.0,1.0,-1.0,1.0143710900531073,0.19999999999999996,1.0
2021-08-05,1.0,1.0,-1.0,1.0150573327773813,0.19999999999999996,1.0
2021-08-06,1.0,1.0,-1.0,1.0043491086703666,0.19999999999999996,1.0
2021-08-09,1.0,1.0,-1.0,0.9726968527425799,0.19999999999999996,1.0
2021-08-10,1.0,1.0,-1.0,0.9752007848276681,0.19999999999999996,1.0
2021-08-11,1.0,1.0,-1.0,0.9707383396495672,0.19999999999999996,1.0
2021-08-12,1.0,1.0,-1.0,0.9838903488940863,0.19999999999999996,1.0
2021-08-13,1.0,1.0,-1.0,0.9856528477220607,0.19999999999999996,1.0
2021-08-16,1.0,1.0,-1.0,0.9692078854016821,0.19999999999999996,1.0
2021-08-17,1.0,1.0,-1.0,0.9676215982429793,0.19999999999999996,1.0
2021-08-18,1.0,1.0,-1.0,0.9676130773587531,0.19999999999999996,1.0
2021-08-19,1.0,1.0,-1.0,0.9756804271357568,0.19999999999999996,1.0
2021-08-20,1.0,1.0,-1.0,0.981536132304012,0.19999999999999996,1.0
2021-08-23,1.0,1.0,-1.0,0.9785547420388278,0.19999999999999996,1.0
2021-08-24,1.0,1.0,-1.0,0.979379009832363,0.19999999999999996,1.0
2021-08-25,1.0,1.0,-1.0,0.9790765158824201,0.19999999999999996,1.0
2021-08-26,1.0,1.0,-1.0,0.9631900004465178,0.19999999999999996,1.0
2021-08-27,1.0,1.0,-1.0,0.9679408367965108,0.19999999999999996,1.0
2021-08-30,1.0,1.0,-1.0,0.9678702584482208,0.19999999999999996,1.0
2021-08-31,1.0,1.0,-1.0,0.9755312079237761,0.19999999999999996,1.0
2021-09-01,1.0,1.0,-1.0,0.9773206052041442,0.19999999999999996,1.0
2021-09-02,1.0,1.0,-1.0,0.9853001452510077,0.19999999999999996,1.0
2021-09-03,1.0,1.0,-1.0,1.0041118282863788,0.19999999999999996,1.0
2021-09-07,1.0,1.0,0.0,0.9955384651430078,0.6,1.0
2021-09-08,1.0,1.0,0.0,0.9884885925345368,0.6,1.0
2021-09-09,1.0,1.0,0.0,0.9884435992465953,0.6,1.0
2021-09-10,1.0,1.0,0.0,0.9882948295111498,0.6,1.0
2021-09-13,1.0,1.0,0.0,0.977875320168227,0.6,1.0
2021-09-14,1.0,1.0,0.0,0.9845729743357747,0.6,1.0
2021-09-15,1.0,1.0,0.0,0.9745548667992466,0.6,1.0
2021-09-16,1.0,1.0,0.0,0.9876685678947836,0.6,1.0
2021-09-17,1.0,1.0,0.0,0.9924089773240458,0.6,1.0
2021-09-20,1.0,1.0,0.0,1.0096424670144843,0.6,1.0
2021-09-21,1.0,1.0,0.0,1.006311618052389,0.6,1.0
2021-09-22,1.0,1.0,0.0,1.0052343039081935,0.6,1.0
2021-09-23,1.0,1.0,0.0,1.0074455073938504,0.6,1.0
2021-09-24,1.0,1.0,0.0,0.9678630944970829,0.6,1.0
2021-09-27,1.0,1.0,1.0,0.9628608834825253,1.0,1.0
2021-09-28,1.0,1.0,1.0,0.9730019582056814,1.0,1.0
2021-09-29,1.0,-1.0,1.0,-0.9576478055462947,-0.19999999999999996,1.0
2021-09-30,1.0,-1.0,1.0,-0.9646110497755954,-0.19999999999999996,1.0
2021-10-01,1.0,-1.0,1.0,-0.9640136145466178,-0.19999999999999996,1.0
2021-10-04,1.0,-1.0,1.0,-0.9640373011950185,-0.19999999999999996,1.0
2021-10-05,1.0,-1.0,1.0,-0.986528912533433,-0.19999999999999996,1.0
2021-10-06,1.0,-1.0,1.0,-0.9847400282056693,-0.19999999999999996,1.0
2021-10-07,1.0,-1.0,1.0,-0.9891643072184887,-0.19999999999999996,1.0
2021-10-08,1.0,-1.0,1.0,-1.0003890558048316,-0.19999999999999996,1.0
2021-10-12,1.0,-1.0,1.0,-0.9973007220687737,-0.19999999999999996,1.0
2021-10-13,1.0,-1.0,1.0,-1.001282855783888,-0.19999999999999996,1.0
2021-10-14,1.0,-1.0,1.0,-1.009798647724922,-0.19999999999999996,1.0
2021-10-15,1.0,-1.0,1.0,-1.0207829490503404,-0.19999999999999996,1.0
2021-10-18,1.0,-1.0,1.0,-0.9993733072578431,-0.19999999999999996,1.0
2021-10-19,1.0,-1.0,1.0,-1.0862509026694527,-0.19999999999999996,1.0
2021-10-20,1.0,-1.0,1.0,-1.0762607077604134,-0.19999999999999996,1.0
2021-10-21,1.0,-1.0,1.0,-1.1021436652829133,-0.19999999999999996,1.0
2021-10-22,1.0,-1.0,1.0,-1.1071089635054148,-0.19999999999999996,1.0
2021-10-25,1.0,-1.0,1.0,-1.1065061602787243,-0.19999999999999996,1.0
2021-10-26,1.0,-1.0,1.0,-1.1038563584259824,-0.19999999999999996,1.0
2021-10-27,1.0,-1.0,1.0,-1.1162482618863552,-0.19999999999999996,1.0
2021-10-28,1.0,-1.0,0.0,-1.0608346409460756,-0.6,1.0
2021-10-29,1.0,-1.0,0.0,-1.058594085524465,-0.6,1.0
2021-11-01,1.0,-1.0,0.0,-1.0668378456175227,-0.6,1.0
2021-11-02,1.0,-1.0,0.0,-1.0758575388581588,-0.6,1.0
2021-11-03,1.0,-1.0,0.0,-1.0733688867121653,-0.6,1.0
2021-11-04,1.0,-1.0,0.0,-1.0669716798140996,-0.6,1.0
2021-11-05,1.0,-1.0,0.0,-1.0418844110407226,-0.6,1.0
2021-11-08,1.0,-1.0,-1.0,-1.0368591284920925,-1.0,1.0
2021-11-09,1.0,-1.0,-1.0,-1.0211622858841929,-1.0,1.0
2021-11-10,1.0,-1.0,-1.0,-1.0113525224234285,-1.0,1.0
2021-11-12,1.0,-1.0,-1.0,-0.9677320589996674,-1.0,1.0
2021-11-15,1.0,-1.0,-1.0,-0.9667531516142548,-1.0,1.0
2021-11-16,1.0,-1.0,-1.0,-0.9826542967467407,-1.0,1.0
2021-11-17,1.0,-1.0,-1.0,-0.9884453973610318,-1.0,1.0
2021-11-18,1.0,-1.0,-1.0,-0.9827745188189492,-1.0,1.0
2021-11-19,1.0,-1.0,-1.0,-0.9818173946145433,-1.0,1.0
2021-11-22,1.0,-1.0,-1.0,-0.973918950073134,-1.0,1.0
2021-11-23,1.0,-1.0,-1.0,-0.9446984344295177,-1.0,1.0
2021-11-24,1.0,-1.0,-1.0,-0.9413068654733396,-1.0,1.0
2021-11-26,1.0,-1.0,-1.0,-0.9408766189568923,-1.0,1.0
2021-11-29,1.0,-1.0,-1.0,-0.8597316537000684,-1.0,1.0
2021-11-30,1.0,-1.0,-1.0,-0.8559430115585971,-1.0,1.0
2021-12-01,1.0,-1.0,-1.0,-0.834311125110918,-1.0,0.0
2021-12-02,1.0,-1.0,-1.0,-0.8356841618543758,-1.0,0.0
2021-12-03,1.0,-1.0,-1.0,-0.8356900977674385,-1.0,0.0
2021-12-06,1.0,-1.0,-1.0,-0.8132439768203591,-1.0,0.0
2021-12-07,1.0,-1.0,-1.0,-0.7986571350112125,-1.0,1.0
2021-12-08,1.0,-1.0,-1.0,-0.796629696680238,-1.0,1.0
2021-12-09,1.0,-1.0,-1.0,-0.798820877673054,-1.0,1.0
2021-12-10,1.0,-1.0,-1.0,-0.7988467130505678,-1.0,1.0
2021-12-13,1.0,-1.0,-1.0,-0.805399537700277,-1.0,1.0
2021-12-14,1.0,-1.0,-1.0,-0.8016635579275571,-1.0,1.0
2021-12-15,1.0,-1.0,-1.0,-0.8019596082056807,-1.0,1.0
2021-12-16,1.0,-1.0,-1.0,-0.8070254335813599,-1.0,1.0
2021-12-17,1.0,-1.0,-1.0,-0.8062907644562622,-1.0,1.0
2021-12-20,1.0,-1.0,-1.0,-0.8058352183972748,-1.0,1.0
2021-12-21,1.0,-1.0,-1.0,-0.8070738046965886,-1.0,1.0
2021-12-22,1.0,-1.0,-1.0,-0.8109893495296402,-1.0,1.0
2021-12-23,1.0,-1.0,-1.0,-0.8105121246458921,-1.0,1.0
2021-12-27,1.0,-1.0,-1.0,-0.8073243199893877,-1.0,1.0
2021-12-28,1.0,-1.0,-1.0,-0.8267394241470749,-1.0,1.0
2021-12-29,1.0,-1.0,-1.0,-0.8362943523218093,-1.0,1.0
2021-12-30,1.0,-1.0,-1.0,-0.8268326766468719,-1.0,1.0
2021-12-31,1.0,1.0,-1.0,0.8340692713193383,0.19999999999999996,1.0
2022-01-03,1.0,1.0,-1.0,0.8343651889615197,0.19999999999999996,1.0
2022-01-04,1.0,-1.0,-1.0,-0.8053206730261872,-1.0,1.0
2022-01-05,1.0,-1.0,-1.0,-0.8079411132688636,-1.0,1.0
2022-01-06,1.0,-1.0,-1.0,-0.8026827138110195,-1.0,1.0
2022-01-07,1.0,-1.0,-1.0,-0.8074830579794908,-1.0,1.0
2022-01-10,1.0,-1.0,-1.0,-0.8062042336398304,-1.0,1.0
2022-01-11,1.0,-1.0,-1.0,-0.8110224439404774,-1.0,1.0
2022-01-12,1.0,-1.0,-1.0,-0.8102189958718737,-1.0,1.0
2022-01-13,1.0,-1.0,-1.0,-0.8110989124733633,-1.0,1.0
2022-01-14,1.0,-1.0,-1.0,-0.8092618918770408,-1.0,1.0
2022-01-18,1.0,-1.0,-1.0,-0.79951574940041,-1.0,1.0
2022-01-19,1.0,-1.0,-1.0,-0.7927459370727514,-1.0,1.0
2022-01-20,1.0,-1.0,-1.0,-0.7882972098384107,-1.0,1.0
2022-01-21,1.0,-1.0,-1.0,-0.7958412932055993,-1.0,1.0
2022-01-24,1.0,-1.0,-1.0,-0.7804364715858454,-1.0,1.0
2022-01-25,1.0,-1.0,-1.0,-0.7822687648515173,-1.0,1.0
2022-01-26,1.0,-1.0,-1.0,-0.7815262688430755,-1.0,1.0
2022-01-27,1.0,-1.0,-1.0,-0.77278656428064,-1.0,1.0
2022-01-28,1.0,-1.0,-1.0,-0.7691859294020097,-1.0,1.0
2022-01-31,1.0,-1.0,-1.0,-0.786161747461684,-1.0,1.0
2022-02-01,1.0,-1.0,-1.0,-0.7876894571075697,-1.0,1.0
2022-02-02,1.0,-1.0,-1.0,-0.7884322004310065,-1.0,1.0
2022-02-03,1.0,-1.0,-1.0,-0.7874473937742674,-1.0,1.0
2022-02-04,1.0,-1.0,-1.0,-0.785778755260288,-1.0,1.0
2022-02-07,1.0,-1.0,-1.0,-0.7646587404577939,-1.0,1.0
2022-02-08,1.0,-1.0,-1.0,-0.7765936351590949,-1.0,1.0
2022-02-09,1.0,-1.0,-1.0,-0.7917543324894988,-1.0,1.0
2022-02-10,1.0,-1.0,-1.0,-0.796687140951709,-1.0,1.0
2022-02-11,1.0,-1.0,-1.0,-0.7894122988721236,-1.0,1.0
2022-02-14,1.0,-1.0,-1.0,-0.7790484097568439,-1.0,0.0
2022-02-15,1.0,-1.0,-1.0,-0.7732874445034832,-1.0,1.0
2022-02-16,1.0,-1.0,-1.0,-0.7690595255772569,-1.0,1.0
2022-02-17,1.0,-1.0,-1.0,-0.7676701951410412,-1.0,1.0
2022-02-18,1.0,-1.0,-1.0,-0.7614770808519814,-1.0,1.0
2022-02-22,1.0,-1.0,-1.0,-0.7557616814301814,-1.0,1.0
2022-02-23,1.0,-1.0,-1.0,-0.7618367350076583,-1.0,0.0
2022-02-24,1.0,-1.0,-1.0,-0.7731336869972224,-1.0,0.0
2022-02-25,1.0,-1.0,-1.0,-0.7731464739542535,-1.0,0.0
2022-02-28,1.0,-1.0,-1.0,-0.7757724273067181,-1.0,1.0
2022-03-01,1.0,-1.0,-1.0,-0.7914068437386371,-1.0,1.0
2022-03-02,1.0,-1.0,-1.0,-0.7656100343033592,-1.0,0.0
2022-03-03,1.0,-1.0,-1.0,-0.7473703620817311,-1.0,0.0
2022-03-04,1.0,-1.0,-1.0,-0.7473652991709456,-1.0,0.0
2022-03-07,1.0,-1.0,-1.0,-0.7185222253600266,-1.0,0.0
2022-03-08,1.0,-1.0,-1.0,-0.7333769056648932,-1.0,1.0
2022-03-09,1.0,-1.0,-1.0,-0.7339295338826314,-1.0,1.0
2022-03-10,1.0,-1.0,-1.0,-0.7278877100941292,-1.0,1.0
2022-03-11,1.0,-1.0,-1.0,-0.7280260422615673,-1.0,1.0
2022-03-14,1.0,-1.0,-1.0,-0.7303958753077526,-1.0,1.0
2022-03-15,1.0,-1.0,-1.0,-0.7025720534764199,-1.0,1.0
2022-03-16,1.0,-1.0,-1.0,-0.711089192226167,-1.0,1.0
2022-03-17,1.0,-1.0,-1.0,-0.7099752249650408,-1.0,1.0
2022-03-18,1.0,-1.0,-1.0,-0.710562728833049,-1.0,1.0
2022-03-21,1.0,-1.0,-1.0,-0.705277475715872,-1.0,1.0
2022-03-22,1.0,-1.0,-1.0,-0.6677596081133426,-1.0,0.0
2022-03-23,1.0,-1.0,-1.0,-0.6652155428568833,-1.0,1.0
2022-03-24,1.0,-1.0,-1.0,-0.6599124202728373,-1.0,1.0
2022-03-25,1.0,-1.0,-1.0,-0.6614092028979763,-1.0,0.0
2022-03-28,1.0,-1.0,-1.0,-0.6433469612088003,-1.0,1.0
2022-03-29,1.0,-1.0,-1.0,-0.6433984614809838,-1.0,0.0
2022-03-30,1.0,-1.0,-1.0,-0.6384680657861965,-1.0,0.0
2022-03-31,1.0,-1.0,-1.0,-0.6349544868980178,-1.0,0.0
2022-04-01,1.0,-1.0,-1.0,-0.6350454120503113,-1.0,0.0
2022-04-04,1.0,-1.0,-1.0,-0.6317142455662633,-1.0,0.0
2022-04-05,1.0,-1.0,-1.0,-0.643141417082544,-1.0,0.0
2022-04-06,1.0,-1.0,-1.0,-0.6307986262360507,-1.0,1.0
2022-04-07,1.0,-1.0,-1.0,-0.6290693812223301,-1.0,1.0
2022-04-08,1.0,-1.0,-1.0,-0.6278284279396265,-1.0,1.0
2022-04-11,1.0,-1.0,-1.0,-0.6260514304414803,-1.0,1.0
2022-04-12,1.0,-1.0,-1.0,-0.6231247104831745,-1.0,1.0
2022-04-13,1.0,-1.0,-1.0,-0.6178891977787638,-1.0,1.0
2022-04-14,1.0,-1.0,-1.0,-0.6172726352596944,-1.0,1.0
2022-04-18,1.0,-1.0,0.0,-0.6083123153728283,-0.6,1.0
2022-04-19,1.0,-1.0,0.0,-0.6125680893072235,-0.6,1.0
2022-04-20,1.0,-1.0,0.0,-0.6146774121715395,-0.6,1.0
2022-04-21,1.0,-1.0,0.0,-0.6089978648075438,-0.6,1.0
2022-04-22,1.0,-1.0,0.0,-0.6082760492081811,-0.6,1.0
2022-04-25,1.0,-1.0,0.0,-0.6180300715568467,-0.6,1.0
2022-04-26,1.0,-1.0,0.0,-0.6070993115838628,-0.6,0.0
2022-04-27,1.0,-1.0,0.0,-0.6042701915155309,-0.6,0.0
2022-04-28,1.0,-1.0,0.0,-0.6063308377837842,-0.6,1.0
2022-04-29,1.0,-1.0,0.0,-0.6093704197228001,-0.6,1.0
2022-05-02,1.0,-1.0,0.0,-0.6111980171315277,-0.6,1.0
2022-05-03,1.0,-1.0,0.0,-0.6051709519281104,-0.6,1.0
2022-05-04,1.0,-1.0,0.0,-0.6037364793164357,-0.6,1.0
2022-05-05,1.0,-1.0,0.0,-0.602872155982021,-0.6,1.0
2022-05-06,1.0,-1.0,0.0,-0.5944454927700653,-0.6,1.0
2022-05-09,1.0,-1.0,0.0,-0.6005830486082945,-0.6,1.0
2022-05-10,1.0,-1.0,1.0,-0.5944059204978196,-0.19999999999999996,1.0
2022-05-11,1.0,-1.0,1.0,-0.5897515422235602,-0.19999999999999996,1.0
2022-05-12,1.0,-1.0,0.0,-0.5831465985613336,-0.6,1.0
2022-05-13,1.0,-1.0,0.0,-0.5825165302228031,-0.6,1.0
2022-05-16,1.0,-1.0,0.0,-0.5919366514844634,-0.6,1.0
2022-05-17,1.0,-1.0,0.0,-0.5901707182616568,-0.6,1.0
2022-05-18,1.0,-1.0,0.0,-0.5869798716228858,-0.6,1.0
2022-05-19,1.0,-1.0,0.0,-0.5790234145181321,-0.6,1.0
2022-05-20,1.0,-1.0,0.0,-0.5804320554927073,-0.6,1.0
2022-05-23,1.0,-1.0,0.0,-0.5795044212114872,-0.6,1.0
2022-05-24,1.0,-1.0,0.0,-0.5760848147916088,-0.6,1.0
2022-05-25,1.0,-1.0,0.0,-0.5671338790045594,-0.6,1.0
2022-05-26,1.0,-1.0,0.0,-0.5682052007904053,-0.6,1.0
2022-05-27,1.0,-1.0,0.0,-0.5680789492604387,-0.6,1.0
2022-05-31,1.0,-1.0,0.0,-0.5882890260106757,-0.6,1.0
2022-06-01,1.0,-1.0,0.0,-0.5958729768715216,-0.6,1.0
2022-06-02,1.0,-1.0,0.0,-0.6066989205015276,-0.6,1.0
2022-06-03,1.0,-1.0,0.0,-0.6056602083004181,-0.6,1.0
2022-06-06,1.0,-1.0,0.0,-0.6255864386046983,-0.6,1.0
2022-06-07,1.0,-1.0,0.0,-0.622558335138045,-0.6,1.0
2022-06-08,1.0,-1.0,0.0,-0.6205974057010029,-0.6,1.0
2022-06-09,1.0,-1.0,0.0,-0.6240531042429623,-0.6,1.0
2022-06-10,1.0,-1.0,0.0,-0.6246145379707655,-0.6,1.0
2022-06-13,1.0,-1.0,-1.0,-0.6164049877495407,-1.0,1.0
2022-06-14,1.0,-1.0,-1.0,-0.5732004351382863,-1.0,1.0
2022-06-15,1.0,-1.0,-1.0,-0.5722218272689193,-1.0,1.0
2022-06-16,1.0,-1.0,-1.0,-0.5499916681197914,-1.0,1.0
2022-06-17,1.0,-1.0,-1.0,-0.5469453155958979,-1.0,1.0
2022-06-21,1.0,-1.0,-1.0,-0.549750810687325,-1.0,0.0
2022-06-22,1.0,-1.0,-1.0,-0.5696339040427475,-1.0,0.0
2022-06-23,1.0,-1.0,-1.0,-0.5522321252734081,-1.0,0.0
2022-06-24,1.0,-1.0,-1.0,-0.5513837601124947,-1.0,0.0
2022-06-27,1.0,-1.0,-1.0,-0.5509296835489839,-1.0,0.0
2022-06-28,1.0,-1.0,-1.0,-0.5610751018413335,-1.0,1.0
2022-06-29,1.0,-1.0,-1.0,-0.5617241055667211,-1.0,0.0
2022-06-30,1.0,-1.0,-1.0,-0.5557633021718517,-1.0,0.0
2022-07-01,1.0,-1.0,-1.0,-0.5476735457082206,-1.0,0.0
2022-07-05,1.0,-1.0,-1.0,-0.5407626163813053,-1.0,0.0
2022-07-06,1.0,-1.0,-1.0,-0.5404213513479877,-1.0,0.0
2022-07-07,1.0,-1.0,-1.0,-0.5339764147246543,-1.0,0.0
2022-07-08,1.0,-1.0,-1.0,-0.5391768319586655,-1.0,1.0
2022-07-11,1.0,-1.0,-1.0,-0.5384705578331267,-1.0,1.0
2022-07-12,1.0,-1.0,-1.0,-0.5325979085737932,-1.0,1.0
2022-07-13,1.0,-1.0,-1.0,-0.5338303617952505,-1.0,1.0
2022-07-14,1.0,-1.0,-1.0,-0.5349644119417466,-1.0,0.0
2022-07-15,1.0,-1.0,-1.0,-0.5369924844299797,-1.0,0.0
2022-07-18,1.0,-1.0,-1.0,-0.5366276240472163,-1.0,0.0
2022-07-19,1.0,-1.0,-1.0,-0.5470358716819462,-1.0,1.0
2022-07-20,1.0,-1.0,-1.0,-0.5457270706634926,-1.0,1.0
2022-07-21,1.0,-1.0,-1.0,-0.5493519792121981,-1.0,1.0
2022-07-22,1.0,-1.0,-1.0,-0.54230780404931,-1.0,1.0
2022-07-25,1.0,1.0,-1.0,0.5314548353183369,0.19999999999999996,0.0
2022-07-26,1.0,1.0,-1.0,0.5303639004135874,0.19999999999999996,0.0
2022-07-27,1.0,0.0,-1.0,0.0,-0.4,0.0
2022-07-28,1.0,-1.0,-1.0,-0.5358366753241468,-1.0,0.0
2022-07-29,1.0,1.0,-1.0,0.5312363060879174,0.19999999999999996,1.0
2022-08-01,1.0,1.0,-1.0,0.5318621090870704,0.19999999999999996,1.0
2022-08-02,1.0,1.0,-1.0,0.5302530328856879,0.19999999999999996,1.0
2022-08-03,1.0,1.0,-1.0,0.5219963232223094,0.19999999999999996,1.0
2022-08-04,1.0,1.0,-1.0,0.5219937169633647,0.19999999999999996,1.0
2022-08-05,1.0,1.0,-1.0,0.521483181063772,0.19999999999999996,1.0
2022-08-08,1.0,1.0,-1.0,0.5163108268528918,0.19999999999999996,1.0
2022-08-09,1.0,1.0,-1.0,0.5176430170412714,0.19999999999999996,1.0
2022-08-10,1.0,1.0,-1.0,0.5193635062693834,0.19999999999999996,1.0
2022-08-11,1.0,1.0,-1.0,0.5210430438144671,0.19999999999999996,1.0
2022-08-12,1.0,1.0,-1.0,0.5195907356407448,0.19999999999999996,1.0
2022-08-15,1.0,0.0,-1.0,0.0,-0.4,1.0
2022-08-16,1.0,1.0,-1.0,0.5254465775620675,0.19999999999999996,1.0
2022-08-17,1.0,1.0,-1.0,0.5262615167579081,0.19999999999999996,1.0
2022-08-18,1.0,1.0,-1.0,0.5293972491391241,0.19999999999999996,1.0
2022-08-19,1.0,1.0,-1.0,0.5342907835866073,0.19999999999999996,1.0
2022-08-22,1.0,-1.0,-1.0,-0.529813041860719,-1.0,1.0
2022-08-23,1.0,-1.0,-1.0,-0.5309629302798624,-1.0,1.0
2022-08-24,1.0,-1.0,-1.0,-0.5345101869986975,-1.0,1.0
2022-08-25,1.0,-1.0,-1.0,-0.5395966131215608,-1.0,1.0
2022-08-26,1.0,-1.0,-1.0,-0.5351587246713618,-1.0,1.0
2022-08-29,1.0,-1.0,-1.0,-0.5351549678395724,-1.0,1.0
2022-08-30,1.0,-1.0,-1.0,-0.531863520058894,-1.0,1.0
2022-08-31,1.0,-1.0,-1.0,-0.5388395357185146,-1.0,1.0
2022-09-01,1.0,-1.0,-1.0,-0.542908583134263,-1.0,1.0
2022-09-02,1.0,-1.0,-1.0,-0.5362431771365407,-1.0,1.0
2022-09-06,1.0,-1.0,-1.0,-0.5344453650707818,-1.0,1.0
2022-09-07,1.0,-1.0,0.0,-0.5284743950842833,-0.6,1.0
2022-09-08,1.0,-1.0,0.0,-0.528532134703051,-0.6,1.0
2022-09-09,1.0,-1.0,0.0,-0.5296558008953933,-0.6,1.0
2022-09-12,1.0,-1.0,0.0,-0.5289373803176914,-0.6,1.0
2022-09-13,1.0,-1.0,0.0,-0.5350737803146391,-0.6,1.0
2022-09-14,1.0,1.0,0.0,0.5887238395231462,0.6,1.0
2022-09-15,1.0,1.0,-1.0,0.5915943870894995,0.19999999999999996,1.0
2022-09-16,1.0,-1.0,-1.0,-0.6122615905166562,-1.0,1.0
2022-09-19,1.0,-1.0,-1.0,-0.614791447341251,-1.0,1.0
2022-09-20,1.0,-1.0,-1.0,-0.6146250305222519,-1.0,1.0
2022-09-21,1.0,-1.0,-1.0,-0.6123408730785539,-1.0,1.0
2022-09-22,1.0,-1.0,-1.0,-0.6313814784733492,-1.0,1.0
2022-09-23,1.0,-1.0,-1.0,-0.6065652364965136,-1.0,1.0
2022-09-26,1.0,-1.0,-1.0,-0.6070838613830116,-1.0,1.0
2022-09-27,1.0,-1.0,-1.0,-0.5840958018269867,-1.0,1.0
2022-09-28,1.0,-1.0,-1.0,-0.5797245452595527,-1.0,1.0
2022-09-29,1.0,-1.0,-1.0,-0.5433545270396446,-1.0,1.0
2022-09-30,1.0,-1.0,-1.0,-0.5544114347093846,-1.0,1.0
2022-10-03,1.0,-1.0,-1.0,-0.5616020449752319,-1.0,1.0
2022-10-04,1.0,-1.0,-1.0,-0.5457967409139255,-1.0,0.0
2022-10-05,1.0,-1.0,-1.0,-0.5499069024463531,-1.0,0.0
2022-10-06,1.0,-1.0,-1.0,-0.542788160288555,-1.0,1.0
2022-10-07,1.0,-1.0,-1.0,-0.5438423031474703,-1.0,1.0
2022-10-11,1.0,-1.0,-1.0,-0.5510331626998242,-1.0,1.0
2022-10-12,1.0,-1.0,-1.0,-0.5520335540399487,-1.0,1.0
2022-10-13,1.0,-1.0,-1.0,-0.5541661229960427,-1.0,1.0
2022-10-14,1.0,-1.0,-1.0,-0.5538161773259038,-1.0,1.0
2022-10-17,1.0,-1.0,-1.0,-0.5552142691137649,-1.0,1.0
2022-10-18,1.0,-1.0,-1.0,-0.5553410456224168,-1.0,1.0
2022-10-19,1.0,-1.0,-1.0,-0.5556858951870873,-1.0,1.0
2022-10-20,1.0,-1.0,-1.0,-0.5479414509232188,-1.0,1.0
2022-10-21,1.0,-1.0,-1.0,-0.5593847467587937,-1.0,1.0
2022-10-24,1.0,-1.0,0.0,-0.5772745957106552,-0.6,1.0
2022-10-25,1.0,-1.0,1.0,-0.5773661710943772,-0.19999999999999996,1.0
2022-10-26,1.0,-1.0,1.0,-0.5578516532349508,-0.19999999999999996,1.0
2022-10-27,1.0,-1.0,0.0,-0.5554137981742049,-0.6,0.0
2022-10-28,1.0,-1.0,0.0,-0.5592140992755714,-0.6,0.0
2022-10-31,1.0,-1.0,0.0,-0.5589422914407222,-0.6,0.0
2022-11-01,1.0,-1.0,0.0,-0.563188423021659,-0.6,0.0
2022-11-02,1.0,-1.0,-1.0,-0.5742761080250686,-1.0,0.0
2022-11-03,1.0,-1.0,-1.0,-0.5755492322944651,-1.0,1.0
2022-11-04,1.0,-1.0,-1.0,-0.5795217811938195,-1.0,1.0
2022-11-07,1.0,-1.0,-1.0,-0.5937125203061676,-1.0,1.0
2022-11-08,1.0,-1.0,-1.0,-0.5990144835582418,-1.0,1.0
2022-11-09,1.0,-1.0,-1.0,-0.5908916497497456,-1.0,1.0
2022-11-10,1.0,-1.0,-1.0,-0.5909394448557651,-1.0,1.0
2022-11-14,1.0,-1.0,-1.0,-0.5294419274664168,-1.0,0.0
2022-11-15,1.0,-1.0,-1.0,-0.5296436020711468,-1.0,0.0
2022-11-16,1.0,-1.0,-1.0,-0.5270803528174627,-1.0,0.0
2022-11-17,1.0,-1.0,-1.0,-0.515867891084268,-1.0,0.0
2022-11-18,1.0,-1.0,-1.0,-0.5138533048735737,-1.0,0.0
2022-11-21,1.0,-1.0,-1.0,-0.5135457348972308,-1.0,0.0
2022-11-22,1.0,-1.0,-1.0,-0.5177829609648007,-1.0,1.0
2022-11-23,1.0,-1.0,-1.0,-0.5150058237663251,-1.0,1.0
2022-11-25,1.0,-1.0,-1.0,-0.513101849635038,-1.0,1.0
2022-11-28,1.0,-1.0,-1.0,-0.5136810875865696,-1.0,1.0
2022-11-29,1.0,-1.0,-1.0,-0.5181519805996431,-1.0,0.0
2022-11-30,1.0,-1.0,-1.0,-0.5168885841707158,-1.0,1.0
2022-12-01,1.0,-1.0,-1.0,-0.5162734971746356,-1.0,1.0
2022-12-02,1.0,-1.0,-1.0,-0.5037353598152119,-1.0,1.0
2022-12-05,1.0,-1.0,-1.0,-0.5039900021854872,-1.0,0.0
2022-12-06,1.0,-1.0,-1.0,-0.5061186723929294,-1.0,1.0
2022-12-07,1.0,-1.0,-1.0,-0.5037774687292087,-1.0,0.0
2022-12-08,1.0,-1.0,-1.0,-0.507777274400797,-1.0,0.0
2022-12-09,1.0,-1.0,-1.0,-0.5080902438308763,-1.0,1.0
2022-12-12,1.0,-1.0,-1.0,-0.5044671885257722,-1.0,1.0
2022-12-13,1.0,-1.0,-1.0,-0.5044922560876026,-1.0,1.0
2022-12-14,1.0,-1.0,-1.0,-0.4999337562626738,-1.0,1.0
2022-12-15,1.0,-1.0,-1.0,-0.5008612984490312,-1.0,1.0
2022-12-16,1.0,-1.0,-1.0,-0.4996537434870456,-1.0,1.0
2022-12-19,1.0,-1.0,-1.0,-0.49965664582735464,-1.0,1.0
2022-12-20,1.0,-1.0,-1.0,-0.49585614583886695,-1.0,1.0
2022-12-21,1.0,-1.0,0.0,-0.4901171006493879,-0.6,1.0
2022-12-22,1.0,-1.0,0.0,-0.4928310358958055,-0.6,1.0
2022-12-23,1.0,-1.0,0.0,-0.49456815138922666,-0.6,1.0
2022-12-27,1.0,-1.0,0.0,-0.5090708953825358,-0.6,1.0
2022-12-28,1.0,-1.0,0.0,-0.5052715894538914,-0.6,1.0
2022-12-29,1.0,0.0,0.0,0.0,0.0,1.0
2022-12-30,1.0,1.0,0.0,0.5262065705193003,0.6,1.0
2023-01-03,1.0,-1.0,0.0,-0.5622804480769925,-0.6,1.0
2023-01-04,1.0,-1.0,0.0,-0.5577172170160826,-0.6,1.0
2023-01-05,1.0,1.0,0.0,0.5545615690277407,0.6,0.0
2023-01-06,1.0,-1.0,-1.0,-0.5713801189212778,-1.0,0.0
2023-01-09,1.0,1.0,-1.0,0.5556107264120729,0.19999999999999996,0.0
2023-01-10,1.0,1.0,-1.0,0.5692926795282117,0.19999999999999996,0.0
2023-01-11,1.0,1.0,-1.0,0.568072749932323,0.19999999999999996,1.0
2023-01-12,1.0,1.0,-1.0,0.5679000625506131,0.19999999999999996,1.0
2023-01-13,1.0,1.0,-1.0,0.5618848395514066,0.19999999999999996,1.0
2023-01-17,1.0,1.0,-1.0,0.5588667037267129,0.19999999999999996,1.0
2023-01-18,1.0,1.0,-1.0,0.5602894736832,0.19999999999999996,1.0
2023-01-19,1.0,1.0,-1.0,0.5460705604126491,0.19999999999999996,1.0
2023-01-20,1.0,1.0,-1.0,0.5460356811742834,0.19999999999999996,1.0
2023-01-23,1.0,1.0,-1.0,0.539836110160047,0.19999999999999996,1.0
2023-01-24,1.0,1.0,-1.0,0.5499014897709893,0.19999999999999996,1.0
2023-01-25,1.0,1.0,-1.0,0.5559270681105996,0.19999999999999996,1.0
2023-01-26,1.0,1.0,0.0,0.556034747384896,0.6,1.0
2023-01-27,1.0,1.0,0.0,0.5565398224573374,0.6,1.0
2023-01-30,1.0,1.0,0.0,0.567949179267828,0.6,1.0
2023-01-31,1.0,1.0,0.0,0.5687067262391328,0.6,1.0
2023-02-01,1.0,1.0,0.0,0.5719743423565806,0.6,1.0
2023-02-02,1.0,1.0,0.0,0.564580586826058,0.6,1.0
2023-02-03,1.0,1.0,0.0,0.5698062458762003,0.6,1.0
2023-02-06,1.0,1.0,-1.0,0.5563550042165787,0.19999999999999996,1.0
2023-02-07,1.0,1.0,-1.0,0.5495959004420069,0.19999999999999996,1.0
2023-02-08,1.0,1.0,-1.0,0.5495270729196673,0.19999999999999996,1.0
2023-02-09,1.0,1.0,-1.0,0.5497277540401231,0.19999999999999996,1.0
2023-02-10,1.0,1.0,-1.0,0.5502947372068279,0.19999999999999996,1.0
2023-02-13,1.0,1.0,-1.0,0.5496902065674968,0.19999999999999996,1.0
2023-02-14,1.0,1.0,-1.0,0.5496866721308917,0.19999999999999996,1.0
2023-02-15,1.0,1.0,-1.0,0.6103050366323826,0.19999999999999996,1.0
2023-02-16,1.0,1.0,-1.0,0.612047306753586,0.19999999999999996,1.0
2023-02-17,1.0,-1.0,-1.0,-0.6154606873756229,-1.0,1.0
2023-02-21,1.0,-1.0,-1.0,-0.6297659497846145,-1.0,1.0
2023-02-22,1.0,-1.0,0.0,-0.6236538297877509,-0.6,1.0
2023-02-23,1.0,-1.0,0.0,-0.6252773706661449,-0.6,1.0
2023-02-24,1.0,-1.0,0.0,-0.6229271435056608,-0.6,0.0
2023-02-27,1.0,-1.0,-1.0,-0.6234990522651087,-1.0,0.0
2023-02-28,1.0,-1.0,-1.0,-0.6251162723640287,-1.0,0.0
2023-03-01,1.0,-1.0,-1.0,-0.6261675010226058,-1.0,0.0
2023-03-02,1.0,-1.0,-1.0,-0.6196187171054941,-1.0,0.0
2023-03-03,1.0,-1.0,-1.0,-0.618680005079643,-1.0,0.0
2023-03-06,1.0,-1.0,-1.0,-0.6122598833234146,-1.0,0.0
2023-03-07,1.0,-1.0,-1.0,-0.6348552498375319,-1.0,0.0
2023-03-08,1.0,-1.0,-1.0,-0.6352985236814049,-1.0,0.0
2023-03-09,1.0,-1.0,-1.0,-0.6423560074532275,-1.0,0.0
2023-03-10,1.0,-1.0,-1.0,-0.6488003347836878,-1.0,0.0
2023-03-13,1.0,-1.0,-1.0,-0.6062751074214908,-1.0,0.0
2023-03-14,1.0,-1.0,0.0,-0.5898850066026907,-0.6,0.0
2023-03-15,1.0,-1.0,1.0,-0.5899348883169185,-0.19999999999999996,0.0
2023-03-16,1.0,1.0,1.0,0.5782387135781337,1.0,0.0
2023-03-17,1.0,-1.0,1.0,-0.5838334376060653,-0.19999999999999996,0.0
2023-03-20,1.0,1.0,1.0,0.5630564705317763,1.0,0.0
2023-03-21,1.0,-1.0,1.0,-0.560218219908886,-0.19999999999999996,0.0
2023-03-22,1.0,-1.0,1.0,-0.5517345393834948,-0.19999999999999996,0.0
2023-03-23,1.0,1.0,1.0,0.5491437047693778,1.0,0.0
2023-03-24,1.0,1.0,1.0,0.5528192975301213,1.0,1.0
2023-03-27,1.0,1.0,1.0,0.5528222162680759,1.0,1.0
2023-03-28,1.0,1.0,1.0,0.5377707919196979,1.0,1.0
2023-03-29,1.0,1.0,1.0,0.5415675373786925,1.0,0.0
2023-03-30,1.0,1.0,1.0,0.5465834027481716,1.0,0.0
2023-03-31,1.0,1.0,1.0,0.5476583593137739,1.0,0.0
2023-04-03,1.0,1.0,1.0,0.5462286253625147,1.0,0.0
2023-04-04,1.0,1.0,1.0,0.5469473837269345,1.0,0.0
2023-04-05,1.0,1.0,1.0,0.547763817713199,1.0,0.0
2023-04-06,1.0,1.0,1.0,0.5520378252795772,1.0,0.0
2023-04-07,1.0,1.0,1.0,0.5524546549213074,1.0,0.0
2023-04-10,1.0,1.0,1.0,0.5623316322135734,1.0,0.0
2023-04-11,1.0,1.0,1.0,0.562208158322424,1.0,0.0
2023-04-12,1.0,1.0,1.0,0.5665919197218393,1.0,0.0
2023-04-13,1.0,1.0,1.0,0.569611460238976,1.0,0.0
2023-04-14,1.0,-1.0,1.0,-0.5771220815433535,-0.19999999999999996,0.0
2023-04-17,1.0,-1.0,1.0,-0.5761573054536531,-0.19999999999999996,0.0
2023-04-18,1.0,-1.0,1.0,-0.5726701406774334,-0.19999999999999996,0.0
2023-04-19,1.0,-1.0,1.0,-0.5925637796244588,-0.19999999999999996,0.0
2023-04-20,1.0,-1.0,0.0,-0.5925722086128498,-0.6,0.0
2023-04-21,1.0,-1.0,0.0,-0.5958155793661375,-0.6,0.0
2023-04-24,1.0,-1.0,0.0,-0.5963856986004723,-0.6,0.0
2023-04-25,1.0,-1.0,0.0,-0.59732169184061,-0.6,0.0
2023-04-26,1.0,1.0,1.0,0.5856926256809833,1.0,0.0
2023-04-27,1.0,1.0,1.0,0.5856867965651191,1.0,0.0
2023-04-28,1.0,-1.0,1.0,-0.578585959018054,-0.19999999999999996,0.0
2023-05-01,1.0,1.0,1.0,0.573353919179269,1.0,0.0
2023-05-02,1.0,-1.0,1.0,-0.5579360511946028,-0.19999999999999996,0.0
2023-05-03,1.0,-1.0,1.0,-0.5542547335943363,-0.19999999999999996,0.0
2023-05-04,1.0,1.0,1.0,0.5518996724436581,1.0,0.0
2023-05-05,1.0,1.0,1.0,0.5636576709534574,1.0,0.0
2023-05-08,1.0,1.0,1.0,0.5672937675549752,1.0,0.0
2023-05-09,1.0,1.0,1.0,0.5637074568376375,1.0,0.0
2023-05-10,1.0,1.0,1.0,0.5646145540999002,1.0,0.0
2023-05-11,1.0,1.0,1.0,0.5592948215238712,1.0,0.0
2023-05-12,1.0,1.0,1.0,0.5621823907520286,1.0,0.0
2023-05-15,1.0,1.0,1.0,0.55846107329581,1.0,0.0
2023-05-16,1.0,1.0,1.0,0.5590755909029117,1.0,0.0
2023-05-17,1.0,1.0,1.0,0.5590356860651872,1.0,0.0
2023-05-18,1.0,1.0,1.0,0.5601836343496787,1.0,0.0
2023-05-19,1.0,1.0,0.0,0.5563629280195316,0.6,0.0
2023-05-22,1.0,1.0,0.0,0.5662820307618963,0.6,0.0
2023-05-23,1.0,1.0,0.0,0.5660896680380875,0.6,0.0
2023-05-24,1.0,1.0,0.0,0.5674032395782458,0.6,0.0
2023-05-25,1.0,1.0,0.0,0.5703133477615471,0.6,0.0
2023-05-26,1.0,1.0,0.0,0.5635792552842397,0.6,0.0
2023-05-30,1.0,1.0,-1.0,0.5630271415007018,0.19999999999999996,0.0
2023-05-31,1.0,1.0,-1.0,0.5611241021893716,0.19999999999999996,0.0
2023-06-01,1.0,1.0,-1.0,0.5635707553654433,0.19999999999999996,0.0
2023-06-02,1.0,1.0,-1.0,0.5704319250236741,0.19999999999999996,0.0
2023-06-05,1.0,1.0,-1.0,0.5654805703973875,0.19999999999999996,0.0
2023-06-06,1.0,1.0,-1.0,0.5654907847657705,0.19999999999999996,0.0
2023-06-07,1.0,1.0,-1.0,0.5654854567565757,0.19999999999999996,0.0
2023-06-08,1.0,1.0,-1.0,0.5610330242686001,0.19999999999999996,0.0
2023-06-09,1.0,-1.0,-1.0,-0.5965550308360061,-1.0,0.0
2023-06-12,1.0,-1.0,-1.0,-0.6159872357305173,-1.0,0.0
2023-06-13,1.0,-1.0,-1.0,-0.6226029354393182,-1.0,0.0
2023-06-14,1.0,-1.0,-1.0,-0.6288259403106786,-1.0,0.0
2023-06-15,1.0,-1.0,-1.0,-0.6305985640873918,-1.0,0.0
2023-06-16,1.0,-1.0,-1.0,-0.6485576392909905,-1.0,0.0
2023-06-20,1.0,-1.0,-1.0,-0.6525661655560635,-1.0,0.0
2023-06-21,1.0,-1.0,-1.0,-0.6665352403726359,-1.0,0.0
2023-06-22,1.0,-1.0,-1.0,-0.681070768070954,-1.0,0.0
2023-06-23,1.0,-1.0,-1.0,-0.6881759128298587,-1.0,0.0
2023-06-26,1.0,-1.0,-1.0,-0.6828296854200754,-1.0,0.0
2023-06-27,1.0,-1.0,-1.0,-0.7103757264145996,-1.0,0.0
2023-06-28,1.0,-1.0,-1.0,-0.707810027960043,-1.0,0.0
2023-06-29,1.0,-1.0,-1.0,-0.7029027050319899,-1.0,0.0
2023-06-30,1.0,-1.0,-1.0,-0.6801305892702336,-1.0,0.0
2023-07-03,1.0,-1.0,-1.0,-0.6846292416846665,-1.0,0.0
2023-07-05,1.0,-1.0,-1.0,-0.6862580725280527,-1.0,0.0
2023-07-06,1.0,-1.0,-1.0,-0.688048167684631,-1.0,0.0
2023-07-07,1.0,-1.0,-1.0,-0.6832341063226895,-1.0,0.0
2023-07-10,1.0,-1.0,-1.0,-0.6834011596488406,-1.0,0.0
2023-07-11,1.0,-1.0,-1.0,-0.6869723073388188,-1.0,0.0
2023-07-12,1.0,-1.0,-1.0,-0.6860386807019309,-1.0,0.0
2023-07-13,1.0,-1.0,-1.0,-0.6643030397099517,-1.0,0.0
2023-07-14,1.0,-1.0,-1.0,-0.6528740266156905,-1.0,0.0
2023-07-17,1.0,-1.0,-1.0,-0.6498475840480998,-1.0,0.0
2023-07-18,1.0,-1.0,-1.0,-0.6537151479726442,-1.0,0.0
2023-07-19,1.0,-1.0,-1.0,-0.6598950921647516,-1.0,0.0
2023-07-20,1.0,-1.0,-1.0,-0.6574234468284078,-1.0,0.0
2023-07-21,1.0,-1.0,-1.0,-0.6478641090755978,-1.0,0.0
2023-07-24,1.0,-1.0,-1.0,-0.6520482877142244,-1.0,0.0
2023-07-25,1.0,-1.0,-1.0,-0.6525009690739582,-1.0,0.0
2023-07-26,1.0,-1.0,-1.0,-0.6537538980111453,-1.0,0.0
2023-07-27,1.0,-1.0,-1.0,-0.6683035127903096,-1.0,0.0
2023-07-28,1.0,-1.0,-1.0,-0.6473930707871322,-1.0,0.0
2023-07-31,1.0,-1.0,-1.0,-0.6530876293017207,-1.0,0.0
2023-08-01,1.0,-1.0,-1.0,-0.663658192018061,-1.0,0.0
2023-08-02,1.0,-1.0,-1.0,-0.6820245683599229,-1.0,0.0
2023-08-03,1.0,-1.0,0.0,-0.7146183916336043,-0.6,0.0
2023-08-04,1.0,-1.0,0.0,-0.7063890255335632,-0.6,0.0
2023-08-07,1.0,-1.0,0.0,-0.6753264988264482,-0.6,0.0
2023-08-08,1.0,-1.0,0.0,-0.6787380442850259,-0.6,0.0
2023-08-09,1.0,-1.0,0.0,-0.6776625493774309,-0.6,0.0
2023-08-10,1.0,-1.0,0.0,-0.6767654461890261,-0.6,0.0
2023-08-11,1.0,-1.0,0.0,-0.683667655657288,-0.6,0.0
2023-08-14,1.0,-1.0,0.0,-0.6829635870470345,-0.6,0.0
2023-08-15,1.0,-1.0,0.0,-0.6869310331582541,-0.6,0.0
2023-08-16,1.0,-1.0,0.0,-0.6879138183681418,-0.6,0.0
2023-08-17,1.0,-1.0,1.0,-0.6850002764663609,-0.19999999999999996,0.0
2023-08-18,1.0,-1.0,1.0,-0.685362012087367,-0.19999999999999996,0.0
2023-08-21,1.0,-1.0,1.0,-0.6883892932434784,-0.19999999999999996,0.0
2023-08-22,1.0,-1.0,1.0,-0.6847251710811701,-0.19999999999999996,0.0
2023-08-23,1.0,-1.0,1.0,-0.684724266791661,-0.19999999999999996,0.0
2023-08-24,1.0,-1.0,1.0,-0.6581171596957601,-0.19999999999999996,0.0
2023-08-25,1.0,-1.0,1.0,-0.6576067696548304,-0.19999999999999996,0.0
2023-08-28,1.0,-1.0,1.0,-0.6669834157087852,-0.19999999999999996,0.0
2023-08-29,1.0,-1.0,1.0,-0.6650108715904764,-0.19999999999999996,0.0
2023-08-30,1.0,-1.0,1.0,-0.6721820341889175,-0.19999999999999996,0.0
2023-08-31,1.0,-1.0,1.0,-0.6759502430796205,-0.19999999999999996,0.0
2023-09-01,1.0,-1.0,1.0,-0.6759927665295585,-0.19999999999999996,0.0
2023-09-05,1.0,-1.0,1.0,-0.6746073885824542,-0.19999999999999996,0.0
2023-09-06,1.0,-1.0,1.0,-0.6674249741360432,-0.19999999999999996,0.0
2023-09-07,1.0,-1.0,1.0,-0.6669862504310747,-0.19999999999999996,0.0
2023-09-08,1.0,-1.0,1.0,-0.6729974330089193,-0.19999999999999996,1.0
2023-09-11,1.0,-1.0,1.0,-0.6780184666130721,-0.19999999999999996,0.0
2023-09-12,1.0,-1.0,1.0,-0.677675189057484,-0.19999999999999996,1.0
2023-09-13,1.0,-1.0,1.0,-0.6776932669174179,-0.19999999999999996,0.0
2023-09-14,1.0,-1.0,1.0,-0.6896237735325678,-0.19999999999999996,0.0
2023-09-15,1.0,-1.0,1.0,-0.6886994597915959,-0.19999999999999996,0.0
2023-09-18,1.0,-1.0,1.0,-0.7054506042309157,-0.19999999999999996,0.0
2023-09-19,1.0,-1.0,1.0,-0.7072239713870837,-0.19999999999999996,0.0
2023-09-20,1.0,-1.0,1.0,-0.7072282035889371,-0.19999999999999996,0.0
2023-09-21,1.0,-1.0,1.0,-0.7072531862361228,-0.19999999999999996,0.0
2023-09-22,1.0,-1.0,1.0,-0.6931056437294042,-0.19999999999999996,0.0
2023-09-25,1.0,-1.0,1.0,-0.6949790205843853,-0.19999999999999996,0.0
2023-09-26,1.0,-1.0,1.0,-0.6851768186940779,-0.19999999999999996,1.0
2023-09-27,1.0,-1.0,1.0,-0.6868952122739573,-0.19999999999999996,1.0
2023-09-28,1.0,-1.0,1.0,-0.692061816961631,-0.19999999999999996,1.0
2023-09-29,1.0,-1.0,1.0,-0.712149993909989,-0.19999999999999996,1.0
2023-10-02,1.0,-1.0,1.0,-0.7156296340306022,-0.19999999999999996,1.0
2023-10-03,1.0,-1.0,1.0,-0.7080639311903254,-0.19999999999999996,1.0
2023-10-04,1.0,-1.0,1.0,-0.7022214461919338,-0.19999999999999996,1.0
2023-10-05,1.0,-1.0,1.0,-0.70198520885587,-0.19999999999999996,1.0
2023-10-06,1.0,-1.0,1.0,-0.7014484823794486,-0.19999999999999996,1.0
2023-10-10,1.0,-1.0,1.0,-0.7034709529266003,-0.19999999999999996,1.0
2023-10-11,1.0,-1.0,1.0,-0.6846331726484696,-0.19999999999999996,0.0
2023-10-12,1.0,-1.0,1.0,-0.6994098787981488,-0.19999999999999996,0.0
2023-10-13,1.0,-1.0,1.0,-0.7022863381476846,-0.19999999999999996,0.0
2023-10-16,1.0,-1.0,1.0,-0.6979824954068483,-0.19999999999999996,0.0
2023-10-17,1.0,-1.0,1.0,-0.6942622893811441,-0.19999999999999996,0.0
2023-10-18,1.0,-1.0,1.0,-0.6827999417084948,-0.19999999999999996,0.0
2023-10-19,1.0,-1.0,1.0,-0.6840323511227328,-0.19999999999999996,1.0
2023-10-20,1.0,-1.0,1.0,-0.6895826699597714,-0.19999999999999996,1.0
2023-10-23,1.0,-1.0,1.0,-0.6853226342870155,-0.19999999999999996,1.0
2023-10-24,1.0,-1.0,1.0,-0.6771425910967375,-0.19999999999999996,1.0
2023-10-25,1.0,-1.0,1.0,-0.6763552788005438,-0.19999999999999996,0.0
2023-10-26,1.0,-1.0,1.0,-0.6701091317860103,-0.19999999999999996,0.0
2023-10-27,1.0,-1.0,1.0,-0.6795188776675843,-0.19999999999999996,0.0
2023-10-30,1.0,-1.0,1.0,-0.6829556504236127,-0.19999999999999996,0.0
2023-10-31,1.0,-1.0,1.0,-0.6822849972596198,-0.19999999999999996,0.0
2023-11-01,1.0,-1.0,1.0,-0.6873644886681406,-0.19999999999999996,0.0
2023-11-02,1.0,-1.0,1.0,-0.6716746415611826,-0.19999999999999996,0.0
2023-11-03,1.0,-1.0,1.0,-0.6728957719129465,-0.19999999999999996,0.0
2023-11-06,1.0,-1.0,1.0,-0.6886478618618919,-0.19999999999999996,0.0
2023-11-07,1.0,-1.0,1.0,-0.6804975153398739,-0.19999999999999996,0.0
2023-11-08,1.0,-1.0,1.0,-0.6769139219536492,-0.19999999999999996,0.0
2023-11-09,1.0,-1.0,1.0,-0.6674441061127094,-0.19999999999999996,0.0
2023-11-10,1.0,-1.0,1.0,-0.6594588171300914,-0.19999999999999996,0.0
2023-11-13,1.0,-1.0,1.0,-0.6632759062357525,-0.19999999999999996,0.0
2023-11-14,1.0,-1.0,1.0,-0.6636796324792522,-0.19999999999999996,0.0
2023-11-15,1.0,-1.0,1.0,-0.6279920116234503,-0.19999999999999996,0.0
2023-11-16,1.0,-1.0,1.0,-0.6254352620826684,-0.19999999999999996,0.0
2023-11-17,1.0,-1.0,1.0,-0.6197748715071806,-0.19999999999999996,0.0
2023-11-20,1.0,-1.0,0.0,-0.6212029705955538,-0.6,0.0
2023-11-21,1.0,-1.0,0.0,-0.6261121846545636,-0.6,0.0
2023-11-22,1.0,-1.0,0.0,-0.6260023749445794,-0.6,0.0
2023-11-24,1.0,-1.0,0.0,-0.6474729105181628,-0.6,0.0
2023-11-27,1.0,-1.0,0.0,-0.646718170592712,-0.6,0.0
2023-11-28,1.0,-1.0,0.0,-0.6404677889397764,-0.6,0.0
2023-11-29,1.0,-1.0,0.0,-0.6404950629899299,-0.6,0.0
2023-11-30,1.0,-1.0,0.0,-0.6420357699193129,-0.6,0.0
2023-12-01,1.0,-1.0,0.0,-0.6332579635632554,-0.6,0.0
2023-12-04,1.0,-1.0,0.0,-0.6138879011333022,-0.6,0.0
2023-12-05,1.0,-1.0,0.0,-0.6177111811212382,-0.6,0.0
2023-12-06,1.0,1.0,0.0,0.6161482144483703,0.6,0.0
2023-12-07,1.0,1.0,0.0,0.6141791693238579,0.6,0.0
2023-12-08,1.0,1.0,0.0,0.6143818162172996,0.6,0.0
2023-12-11,1.0,1.0,0.0,0.6074802568332444,0.6,0.0
2023-12-12,1.0,1.0,0.0,0.6082465333020807,0.6,0.0
2023-12-13,1.0,1.0,0.0,0.6078546098981095,0.6,0.0
2023-12-14,1.0,1.0,0.0,0.5887066255468745,0.6,0.0
2023-12-15,1.0,1.0,0.0,0.5803233496293978,0.6,0.0
2023-12-18,1.0,1.0,-1.0,0.581830500521564,0.19999999999999996,0.0
2023-12-19,1.0,1.0,-1.0,0.5802611938642295,0.19999999999999996,0.0
2023-12-20,1.0,1.0,-1.0,0.5823777435512064,0.19999999999999996,0.0
2023-12-21,1.0,1.0,-1.0,0.5796189159362242,0.19999999999999996,0.0
2023-12-22,1.0,1.0,-1.0,0.5945129623600585,0.19999999999999996,0.0
2023-12-26,1.0,1.0,-1.0,0.5954758391668666,0.19999999999999996,0.0
2023-12-27,1.0,1.0,0.0,0.6064974436370527,0.6,1.0
2023-12-28,1.0,1.0,0.0,0.6003626159197852,0.6,0.0
2023-12-29,1.0,1.0,0.0,0.6001378276078801,0.6,0.0
2024-01-02,1.0,1.0,0.0,0.5980227707086334,0.6,1.0
2024-01-03,1.0,1.0,0.0,0.5929456690340171,0.6,1.0
2024-01-04,1.0,1.0,0.0,0.6015137197457169,0.6,0.0
2024-01-05,1.0,1.0,0.0,0.607913012361691,0.6,1.0
2024-01-08,1.0,1.0,0.0,0.607200407244271,0.6,0.0
2024-01-09,1.0,1.0,0.0,0.6065008240276436,0.6,0.0
2024-01-10,1.0,1.0,0.0,0.6101002750547114,0.6,0.0
2024-01-11,1.0,1.0,0.0,0.618793378423454,0.6,1.0
2024-01-12,1.0,1.0,0.0,0.6206640476010069,0.6,0.0
2024-01-16,1.0,1.0,1.0,0.6353763750568857,1.0,1.0
2024-01-17,1.0,1.0,1.0,0.6250030408727726,1.0,1.0
2024-01-18,1.0,1.0,1.0,0.6304601991937175,1.0,1.0
2024-01-19,1.0,1.0,1.0,0.6432132927775932,1.0,1.0
2024-01-22,1.0,1.0,1.0,0.6504847131209335,1.0,1.0
2024-01-23,1.0,1.0,1.0,0.6562026579454265,1.0,1.0
2024-01-24,1.0,1.0,1.0,0.6556026617273645,1.0,1.0
2024-01-25,1.0,1.0,1.0,0.6561531387645797,1.0,1.0
2024-01-26,1.0,1.0,1.0,0.6556257549675781,1.0,1.0
2024-01-29,1.0,1.0,1.0,0.6724739406958413,1.0,1.0
2024-01-30,1.0,1.0,1.0,0.6749821744883299,1.0,1.0
2024-01-31,1.0,1.0,1.0,0.6749757144157423,1.0,0.0
2024-02-01,1.0,1.0,1.0,0.6742459851325947,1.0,0.0
2024-02-02,1.0,1.0,1.0,0.6621909326304243,1.0,0.0
2024-02-05,1.0,1.0,1.0,0.6396471306647643,1.0,0.0
2024-02-06,1.0,1.0,1.0,0.6257891971967993,1.0,0.0
2024-02-07,1.0,1.0,1.0,0.6283987973382876,1.0,0.0
2024-02-08,1.0,1.0,1.0,0.638779185030509,1.0,0.0
2024-02-09,1.0,1.0,1.0,0.6405063066544988,1.0,1.0
2024-02-12,1.0,1.0,1.0,0.6465043828289656,1.0,0.0
2024-02-13,1.0,1.0,1.0,0.664866445887549,1.0,0.0
2024-02-14,1.0,1.0,1.0,0.6431990368275886,1.0,0.0
2024-02-15,1.0,1.0,1.0,0.6426017667368522,1.0,0.0
2024-02-16,1.0,1.0,1.0,0.6764610875066269,1.0,0.0
2024-02-20,1.0,1.0,0.0,0.6815818306035243,0.6,0.0
2024-02-21,1.0,1.0,0.0,0.6874505907107142,0.6,0.0
2024-02-22,1.0,1.0,0.0,0.6843455564028573,0.6,0.0
2024-02-23,1.0,1.0,0.0,0.6845892030069286,0.6,0.0
2024-02-26,1.0,1.0,0.0,0.6793470761524414,0.6,0.0
2024-02-27,1.0,1.0,0.0,0.6789552753508932,0.6,0.0
2024-02-28,1.0,1.0,0.0,0.6808211878825634,0.6,0.0
2024-02-29,1.0,1.0,0.0,0.686057303914175,0.6,0.0
2024-03-01,1.0,1.0,0.0,0.6883915483579172,0.6,0.0
2024-03-04,1.0,1.0,0.0,0.6898619270232308,0.6,0.0
2024-03-05,1.0,1.0,0.0,0.7011961965794957,0.6,0.0
2024-03-06,1.0,1.0,0.0,0.7192668569308233,0.6,0.0
2024-03-07,1.0,1.0,0.0,0.7240501539268636,0.6,0.0
2024-03-08,1.0,1.0,0.0,0.7371420381694153,0.6,0.0
2024-03-11,1.0,1.0,0.0,0.7423133664082453,0.6,0.0
2024-03-12,1.0,1.0,0.0,0.7427765407479683,0.6,0.0
2024-03-13,1.0,1.0,0.0,0.7496675465929519,0.6,0.0
2024-03-14,1.0,1.0,0.0,0.7482171925910784,0.6,0.0
2024-03-15,1.0,-1.0,0.0,-0.7349015685876095,-0.6,0.0
2024-03-18,1.0,-1.0,0.0,-0.7761110665835171,-0.6,0.0
2024-03-19,1.0,-1.0,0.0,-0.8037686071177451,-0.6,0.0
2024-03-20,1.0,-1.0,0.0,-0.8002451343666144,-0.6,0.0
2024-03-21,1.0,-1.0,0.0,-0.8001446934564074,-0.6,0.0
2024-03-22,1.0,-1.0,0.0,-0.8013067754350475,-0.6,0.0
2024-03-25,1.0,-1.0,0.0,-0.8065421914597514,-0.6,0.0
2024-03-26,1.0,-1.0,0.0,-0.8066093655022334,-0.6,0.0
2024-03-27,1.0,-1.0,0.0,-0.8061784898562472,-0.6,0.0
2024-03-28,1.0,-1.0,0.0,-0.8027416111448867,-0.6,0.0
2024-04-01,1.0,-1.0,0.0,-0.8252646634009503,-0.6,0.0
2024-04-02,1.0,-1.0,0.0,-0.7996533820676991,-0.6,0.0
2024-04-03,1.0,-1.0,0.0,-0.8007972453745477,-0.6,0.0
2024-04-04,1.0,-1.0,0.0,-0.8084873901582605,-0.6,0.0
2024-04-05,1.0,-1.0,0.0,-0.8066460549409782,-0.6,0.0
2024-04-08,1.0,-1.0,0.0,-0.8071533832269385,-0.6,0.0
2024-04-09,1.0,-1.0,0.0,-0.8118364413288763,-0.6,0.0
2024-04-10,1.0,-1.0,0.0,-0.8076982087359255,-0.6,0.0
2024-04-11,1.0,-1.0,-1.0,-0.7511615169289476,-1.0,0.0
2024-04-12,1.0,-1.0,-1.0,-0.7513767264866186,-1.0,0.0
2024-04-15,1.0,-1.0,-1.0,-0.7516454553885488,-1.0,0.0
2024-04-16,1.0,-1.0,0.0,-0.7321041443906067,-0.6,0.0
2024-04-17,1.0,-1.0,0.0,-0.7459690421779929,-0.6,0.0
2024-04-18,1.0,-1.0,0.0,-0.735443451037136,-0.6,0.0
2024-04-19,1.0,-1.0,0.0,-0.7345307762214024,-0.6,0.0
2024-04-22,1.0,-1.0,0.0,-0.7334505665442351,-0.6,0.0
2024-04-23,1.0,-1.0,0.0,-0.7366700846765815,-0.6,0.0
2024-04-24,1.0,-1.0,1.0,-0.7369400055641101,-0.19999999999999996,0.0
2024-04-25,1.0,-1.0,1.0,-0.7370478148836733,-0.19999999999999996,0.0
2024-04-26,1.0,-1.0,1.0,-0.7380384562075032,-0.19999999999999996,0.0
2024-04-29,1.0,-1.0,1.0,-0.7359312137722231,-0.19999999999999996,0.0
2024-04-30,1.0,-1.0,0.0,-0.7416526224105542,-0.6,0.0
2024-05-01,1.0,-1.0,0.0,-0.7393528722621653,-0.6,0.0
2024-05-02,1.0,-1.0,0.0,-0.7419166512420401,-0.6,0.0
2024-05-03,1.0,-1.0,1.0,-0.7633337397790081,-0.19999999999999996,0.0
2024-05-06,1.0,-1.0,1.0,-0.7902575556324973,-0.19999999999999996,0.0
2024-05-07,1.0,-1.0,1.0,-0.8246597725052354,-0.19999999999999996,0.0
2024-05-08,1.0,-1.0,0.0,-0.8386658221436754,-0.6,0.0
2024-05-09,1.0,-1.0,0.0,-0.838715395863749,-0.6,0.0
2024-05-10,1.0,-1.0,0.0,-0.8425663162305012,-0.6,0.0
2024-05-13,1.0,-1.0,0.0,-0.8388152826762828,-0.6,0.0
2024-05-14,1.0,-1.0,0.0,-0.8375409301359137,-0.6,0.0
2024-05-15,1.0,-1.0,0.0,-0.8778779723153273,-0.6,0.0
2024-05-16,1.0,-1.0,0.0,-0.8622604345539748,-0.6,0.0
2024-05-17,1.0,-1.0,-1.0,-0.8638610441877144,-1.0,0.0
2024-05-20,1.0,-1.0,-1.0,-0.8684415775310753,-1.0,0.0
2024-05-21,1.0,-1.0,-1.0,-0.8701907470285657,-1.0,0.0
2024-05-22,1.0,-1.0,-1.0,-0.8732564203847085,-1.0,0.0
2024-05-23,1.0,-1.0,-1.0,-0.872623877940122,-1.0,0.0
2024-05-24,1.0,-1.0,-1.0,-0.8820092211690052,-1.0,0.0
2024-05-28,1.0,-1.0,-1.0,-0.882295175095013,-1.0,0.0
2024-05-29,1.0,-1.0,-1.0,-0.8700189712007398,-1.0,0.0
2024-05-30,1.0,-1.0,0.0,-0.864876973657009,-0.6,0.0
2024-05-31,1.0,-1.0,0.0,-0.8568119136879807,-0.6,0.0
2024-06-03,1.0,-1.0,0.0,-0.8619496984845446,-0.6,0.0
2024-06-04,1.0,-1.0,-1.0,-0.8398549454392805,-1.0,0.0
2024-06-05,1.0,-1.0,-1.0,-0.8439079433984601,-1.0,0.0
2024-06-06,1.0,-1.0,-1.0,-0.8410753294371117,-1.0,0.0
2024-06-07,1.0,-1.0,-1.0,-0.8418564566805937,-1.0,0.0
2024-06-10,1.0,-1.0,-1.0,-0.7995181294151066,-1.0,0.0
2024-06-11,1.0,-1.0,-1.0,-0.7974323991937009,-1.0,0.0
2024-06-12,1.0,-1.0,-1.0,-0.7902845580994008,-1.0,0.0
2024-06-13,1.0,-1.0,-1.0,-0.7797361833459654,-1.0,0.0
2024-06-14,1.0,1.0,-1.0,0.7884758358451591,0.19999999999999996,0.0
2024-06-17,1.0,1.0,-1.0,0.7866176584584377,0.19999999999999996,0.0
2024-06-18,1.0,1.0,-1.0,0.7767904157325238,0.19999999999999996,0.0
2024-06-20,1.0,1.0,-1.0,0.7734885760602678,0.19999999999999996,0.0
2024-06-21,1.0,1.0,-1.0,0.773316959332125,0.19999999999999996,0.0
